time,ask,bid,ask_volume,bid_volume
2020-05-28 12:25:00.689000,1.07768,1.07767,1310000,1000000
2020-05-28 12:25:00.992000,1.07769,1.07768,1690000,1120000
2020-05-28 12:25:01.995000,1.07769,1.07767,1690000,1100000
2020-05-28 12:25:03.148000,1.07769,1.07768,1250000,1000000
2020-05-28 12:25:03.350000,1.07769,1.07767,1250000,2770000
2020-05-28 12:25:04.052000,1.07769,1.07766,1690000,2960000
2020-05-28 12:25:04.153000,1.07769,1.07768,1690000,1000000
2020-05-28 12:25:04.406000,1.07771,1.07769,2500000,1500000
2020-05-28 12:25:04.507000,1.07771,1.07769,1690000,1500000
2020-05-28 12:25:04.609000,1.07771,1.07768,3250000,1570000
2020-05-28 12:25:04.710000,1.07769,1.07768,2440000,1000000
2020-05-28 12:25:04.811000,1.07769,1.07767,2440000,1100000
2020-05-28 12:25:05.874000,1.07769,1.07766,2440000,2140000
2020-05-28 12:25:06.684000,1.07769,1.07766,2440000,2340000
2020-05-28 12:25:07.716000,1.07768,1.07766,1500000,1760000
2020-05-28 12:25:07.860000,1.07768,1.07766,2500000,1570000
2020-05-28 12:25:10.805000,1.07769,1.07766,4370000,1570000
2020-05-28 12:25:10.906000,1.07767,1.07765,1690000,1700000
2020-05-28 12:25:11.008000,1.07767,1.07765,1690000,1000000
2020-05-28 12:25:11.427000,1.07767,1.07764,1690000,2510000
2020-05-28 12:25:12.363000,1.07767,1.07765,2060000,1000000
2020-05-28 12:25:12.718000,1.07768,1.07765,2500000,3650000
2020-05-28 12:25:12.920000,1.07768,1.07765,3250000,3520000
2020-05-28 12:25:13.664000,1.07768,1.07765,2500000,4020000
2020-05-28 12:25:14.715000,1.07768,1.07765,3620000,1570000
2020-05-28 12:25:15.221000,1.07767,1.07765,2500000,1120000
2020-05-28 12:25:19.018000,1.07766,1.07764,2440000,1100000
2020-05-28 12:25:20.896000,1.07768,1.07766,3000000,1000000
2020-05-28 12:25:20.997000,1.0777,1.07766,5310000,2770000
2020-05-28 12:25:21.098000,1.0777,1.07767,3250000,2020000
2020-05-28 12:25:21.200000,1.0777,1.07767,2440000,1570000
2020-05-28 12:25:22.029000,1.07772,1.0777,3310000,1000000
2020-05-28 12:25:22.181000,1.07772,1.0777,1690000,1200000
2020-05-28 12:25:22.434000,1.07772,1.07771,1250000,1000000
2020-05-28 12:25:23.428000,1.07774,1.07772,1000000,1570000
2020-05-28 12:25:23.479000,1.07775,1.07774,1000000,1000000
2020-05-28 12:25:23.580000,1.07776,1.07775,1000000,1000000
2020-05-28 12:25:23.631000,1.07778,1.07776,2060000,1000000
2020-05-28 12:25:23.733000,1.07778,1.07777,1000000,1500000
2020-05-28 12:25:23.937000,1.0778,1.07778,1500000,1390000
2020-05-28 12:25:25.125000,1.07779,1.07777,2250000,1700000
2020-05-28 12:25:25.227000,1.07779,1.07776,2250000,1390000
2020-05-28 12:25:27.369000,1.07779,1.07776,1500000,2740000
2020-05-28 12:25:27.471000,1.07779,1.07776,1500000,1390000
2020-05-28 12:25:27.572000,1.07779,1.07777,1500000,1000000
2020-05-28 12:25:28.616000,1.07777,1.07776,1000000,1000000
2020-05-28 12:25:28.717000,1.07776,1.07775,1000000,1000000
2020-05-28 12:25:30.574000,1.07776,1.07774,1120000,1950000
2020-05-28 12:25:30.743000,1.07775,1.07773,1000000,1270000
2020-05-28 12:25:30.895000,1.07775,1.07773,9450000,1000000
2020-05-28 12:25:32.702000,1.07775,1.07772,2440000,1200000
2020-05-28 12:25:33.367000,1.07775,1.07773,1690000,1120000
2020-05-28 12:25:33.823000,1.07774,1.07772,1000000,1200000
2020-05-28 12:25:33.925000,1.07774,1.07773,1000000,1000000
2020-05-28 12:25:36.393000,1.07774,1.07772,1000000,1570000
2020-05-28 12:25:36.494000,1.07774,1.07772,1000000,1200000
2020-05-28 12:25:36.596000,1.07774,1.07773,1000000,1000000
2020-05-28 12:25:36.697000,1.07776,1.07775,1120000,1000000
2020-05-28 12:25:36.798000,1.07775,1.07774,1000000,1000000
2020-05-28 12:25:36.901000,1.07775,1.07774,1000000,1000000
2020-05-28 12:25:38.581000,1.07776,1.07774,1870000,1000000
2020-05-28 12:25:38.783000,1.07778,1.07776,1870000,1000000
2020-05-28 12:25:38.885000,1.07778,1.07777,1000000,1000000
2020-05-28 12:25:39.757000,1.07778,1.07776,2700000,1200000
2020-05-28 12:25:39.859000,1.07777,1.07775,2250000,1120000
2020-05-28 12:25:39.960000,1.07777,1.07776,1000000,1000000
2020-05-28 12:25:40.061000,1.07778,1.07777,1000000,1000000
2020-05-28 12:25:40.591000,1.07777,1.07775,1120000,1000000
2020-05-28 12:25:40.743000,1.07777,1.07774,4810000,1000000
2020-05-28 12:25:40.946000,1.07775,1.07774,1000000,1000000
2020-05-28 12:25:41.047000,1.07775,1.07773,1500000,1120000
2020-05-28 12:25:43.120000,1.07775,1.07774,1500000,1000000
2020-05-28 12:25:48.095000,1.07775,1.07772,1000000,2470000
2020-05-28 12:25:48.196000,1.07776,1.07772,4010000,2470000
2020-05-28 12:25:49.278000,1.07776,1.07774,4010000,1000000
2020-05-28 12:25:49.380000,1.07777,1.07775,1500000,1870000
2020-05-28 12:25:49.937000,1.07777,1.07776,1120000,1000000
2020-05-28 12:25:50.038000,1.07777,1.07775,1120000,1100000
2020-05-28 12:25:50.291000,1.07777,1.07776,1000000,1000000
2020-05-28 12:25:51.177000,1.07778,1.07776,1870000,1000000
2020-05-28 12:25:51.431000,1.07778,1.07777,1000000,1000000
2020-05-28 12:25:51.533000,1.07781,1.07779,1870000,1120000
2020-05-28 12:25:51.685000,1.07782,1.0778,3560000,1000000
2020-05-28 12:25:53.437000,1.07782,1.0778,4820000,1000000
2020-05-28 12:25:53.538000,1.07782,1.07779,5570000,1000000
2020-05-28 12:25:54.178000,1.07781,1.07778,4520000,1120000
2020-05-28 12:25:54.280000,1.07778,1.07777,1000000,1120000
2020-05-28 12:25:54.381000,1.07778,1.07776,2620000,1250000
2020-05-28 12:25:55.343000,1.07778,1.07775,2810000,1310000
2020-05-28 12:25:55.496000,1.07778,1.07777,1000000,1500000
2020-05-28 12:25:55.598000,1.0778,1.07779,1000000,1000000
2020-05-28 12:25:55.904000,1.0778,1.07779,1000000,1000000
2020-05-28 12:25:56.534000,1.07781,1.0778,1000000,1000000
2020-05-28 12:25:57.109000,1.07782,1.0778,2890000,1000000
2020-05-28 12:26:00.582000,1.0778,1.07778,1310000,1100000
2020-05-28 12:26:00.734000,1.0778,1.07779,1120000,1000000
2020-05-28 12:26:03.811000,1.0778,1.07778,2250000,1120000
2020-05-28 12:26:03.912000,1.07779,1.07778,1000000,1000000
2020-05-28 12:26:07.321000,1.07779,1.07776,1250000,2640000
2020-05-28 12:26:07.675000,1.07779,1.07776,2060000,1250000
2020-05-28 12:26:07.777000,1.07778,1.07776,2890000,1000000
2020-05-28 12:26:07.878000,1.07777,1.07775,1390000,1000000
2020-05-28 12:26:09.978000,1.07779,1.07777,2810000,1100000
2020-05-28 12:26:10.029000,1.0778,1.07779,1120000,1000000
2020-05-28 12:26:10.283000,1.07781,1.07779,4390000,1000000
2020-05-28 12:26:10.485000,1.07781,1.07779,1000000,1000000
2020-05-28 12:26:11.463000,1.07782,1.0778,3070000,1000000
2020-05-28 12:26:11.514000,1.07783,1.07782,1760000,1000000
2020-05-28 12:26:11.565000,1.07784,1.07782,1000000,1120000
2020-05-28 12:26:11.667000,1.07785,1.07783,4760000,1000000
2020-05-28 12:26:12.254000,1.07784,1.07782,1000000,1120000
2020-05-28 12:26:14.207000,1.07785,1.07782,4390000,1120000
2020-05-28 12:26:17.355000,1.07785,1.07783,3560000,1000000
2020-05-28 12:26:21.375000,1.07783,1.07781,2890000,1120000
2020-05-28 12:26:21.477000,1.07782,1.07781,1120000,1000000
2020-05-28 12:26:22.587000,1.07782,1.0778,2810000,1500000
2020-05-28 12:26:23.936000,1.07784,1.07782,1600000,1500000
2020-05-28 12:26:23.987000,1.07785,1.07783,5590000,1000000
2020-05-28 12:26:24.440000,1.07785,1.07782,4010000,1950000
2020-05-28 12:26:25.124000,1.07785,1.07783,2810000,1500000
2020-05-28 12:26:25.429000,1.07784,1.07782,1100000,1500000
2020-05-28 12:26:25.682000,1.07784,1.07782,3270000,1000000
2020-05-28 12:26:25.783000,1.07784,1.07781,4020000,1500000
2020-05-28 12:26:28.052000,1.07784,1.07782,1120000,1690000
2020-05-28 12:26:29.074000,1.07785,1.07783,1310000,1500000
2020-05-28 12:26:29.175000,1.07786,1.07784,1120000,1000000
2020-05-28 12:26:29.276000,1.07787,1.07784,3900000,2060000
2020-05-28 12:26:29.378000,1.07787,1.07785,1950000,1000000
2020-05-28 12:26:35.989000,1.07788,1.07785,1570000,2810000
2020-05-28 12:26:36.090000,1.07787,1.07785,1120000,1500000
2020-05-28 12:26:36.192000,1.07787,1.07784,1870000,1950000
2020-05-28 12:26:40.918000,1.07786,1.07784,1000000,1500000
2020-05-28 12:26:43.563000,1.07785,1.07783,1010000,1120000
2020-05-28 12:26:43.715000,1.07784,1.07782,1120000,1000000
2020-05-28 12:26:43.816000,1.07784,1.07782,1120000,1500000
2020-05-28 12:26:48.467000,1.07785,1.07783,1840000,2250000
2020-05-28 12:26:48.569000,1.07786,1.07784,1500000,1500000
2020-05-28 12:26:51.519000,1.07787,1.07784,1200000,2620000
2020-05-28 12:26:52.241000,1.07787,1.07785,1000000,3370000
2020-05-28 12:26:52.343000,1.07788,1.07785,1120000,3370000
2020-05-28 12:26:53.316000,1.07788,1.07786,1120000,1000000
2020-05-28 12:26:53.889000,1.0779,1.07787,2510000,2250000
2020-05-28 12:26:53.991000,1.0779,1.07787,2500000,2250000
2020-05-28 12:26:55.065000,1.07789,1.07786,3760000,1500000
2020-05-28 12:26:55.268000,1.07787,1.07786,1000000,1000000
2020-05-28 12:26:57.103000,1.07788,1.07786,1310000,1000000
2020-05-28 12:26:59.048000,1.07788,1.07786,1600000,1000000
2020-05-28 12:26:59.149000,1.07788,1.07785,1600000,1500000
2020-05-28 12:27:00.253000,1.07788,1.07785,1120000,2810000
2020-05-28 12:27:03.548000,1.07789,1.07786,4590000,1500000
2020-05-28 12:27:07.972000,1.0779,1.07787,4610000,1000000
2020-05-28 12:27:08.023000,1.0779,1.07788,1950000,1000000
2020-05-28 12:27:08.125000,1.07791,1.07789,1570000,1500000
2020-05-28 12:27:08.227000,1.07793,1.07791,1500000,1000000
2020-05-28 12:27:08.378000,1.07792,1.07791,1000000,1000000
2020-05-28 12:27:13.304000,1.07793,1.07792,1000000,1000000
2020-05-28 12:27:13.355000,1.07795,1.07794,1000000,1500000
2020-05-28 12:27:13.406000,1.07794,1.07792,1000000,2060000
2020-05-28 12:27:13.934000,1.07794,1.07791,1960000,1690000
2020-05-28 12:27:14.035000,1.07794,1.07791,1390000,1690000
2020-05-28 12:27:14.445000,1.07793,1.07791,1000000,1250000
2020-05-28 12:27:16.491000,1.07795,1.07793,1950000,1500000
2020-05-28 12:27:16.592000,1.07796,1.07794,1310000,2250000
2020-05-28 12:27:16.794000,1.07797,1.07794,2510000,3820000
2020-05-28 12:27:16.896000,1.07798,1.07795,2510000,3570000
2020-05-28 12:27:22.928000,1.07799,1.07796,1120000,1870000
2020-05-28 12:27:27.598000,1.07799,1.07796,2900000,1500000
2020-05-28 12:27:28.599000,1.07799,1.07796,3520000,1870000
2020-05-28 12:27:29.265000,1.07799,1.07796,4900000,1120000
2020-05-28 12:27:29.316000,1.07796,1.07794,1000000,2320000
2020-05-28 12:27:29.418000,1.07794,1.07793,1000000,1000000
2020-05-28 12:27:29.519000,1.07795,1.07793,1200000,1000000
2020-05-28 12:27:29.970000,1.07795,1.07794,1000000,1000000
2020-05-28 12:27:30.072000,1.07797,1.07795,1120000,1500000
2020-05-28 12:27:30.173000,1.07798,1.07796,1570000,1120000
2020-05-28 12:27:30.275000,1.07797,1.07796,1000000,1120000
2020-05-28 12:27:30.377000,1.07798,1.07796,1000000,1120000
2020-05-28 12:27:32.527000,1.07797,1.07795,1200000,1000000
2020-05-28 12:27:42.479000,1.07796,1.07795,1000000,1500000
2020-05-28 12:27:42.580000,1.07796,1.07794,1000000,2250000
2020-05-28 12:27:43.080000,1.07795,1.07793,1000000,2700000
2020-05-28 12:27:44.683000,1.07794,1.07793,1000000,1120000
2020-05-28 12:27:44.785000,1.07793,1.07792,1000000,1000000
2020-05-28 12:27:46.152000,1.07792,1.07791,1000000,1120000
2020-05-28 12:27:46.203000,1.0779,1.07789,1000000,1500000
2020-05-28 12:27:46.254000,1.07789,1.07788,1000000,1000000
2020-05-28 12:27:46.355000,1.07789,1.07787,1000000,1570000
2020-05-28 12:27:46.456000,1.07787,1.07785,1120000,1760000
2020-05-28 12:27:46.557000,1.07786,1.07785,1000000,1690000
2020-05-28 12:27:57.214000,1.07787,1.07785,1000000,2440000
2020-05-28 12:27:57.556000,1.07787,1.07786,1000000,1000000
2020-05-28 12:27:58.565000,1.07788,1.07786,1500000,1000000
2020-05-28 12:27:58.667000,1.07788,1.07787,1000000,1120000
2020-05-28 12:28:01.618000,1.07788,1.07786,1000000,4010000
2020-05-28 12:28:03.270000,1.0779,1.07788,2060000,1000000
2020-05-28 12:28:04.123000,1.0779,1.07789,1120000,1000000
2020-05-28 12:28:04.275000,1.0779,1.07788,1120000,1500000
2020-05-28 12:28:04.573000,1.07791,1.07789,1500000,1000000
2020-05-28 12:28:05.608000,1.07791,1.07788,1870000,2620000
2020-05-28 12:28:07.070000,1.07791,1.07787,2870000,3840000
2020-05-28 12:28:07.171000,1.07788,1.07786,1120000,1750000
2020-05-28 12:28:07.272000,1.07788,1.07786,1120000,1250000
2020-05-28 12:28:09.439000,1.07788,1.07785,1310000,2060000
2020-05-28 12:28:09.591000,1.07787,1.07784,2810000,1100000
2020-05-28 12:28:09.692000,1.07785,1.07783,1000000,1120000
2020-05-28 12:28:09.844000,1.07785,1.07782,1000000,2320000
2020-05-28 12:28:12.874000,1.07785,1.07784,1870000,1000000
2020-05-28 12:28:12.976000,1.07788,1.07785,2710000,1690000
2020-05-28 12:28:13.078000,1.07788,1.07785,1310000,3260000
2020-05-28 12:28:13.180000,1.07789,1.07786,2200000,1870000
2020-05-28 12:28:13.333000,1.07789,1.07787,1750000,1120000
2020-05-28 12:28:13.436000,1.07789,1.07786,1250000,3310000
2020-05-28 12:28:14.093000,1.07789,1.07786,1390000,2060000
2020-05-28 12:28:14.194000,1.07788,1.07786,1000000,2060000
2020-05-28 12:28:17.492000,1.07788,1.07787,1120000,1000000
2020-05-28 12:28:17.645000,1.0779,1.07789,1950000,1250000
2020-05-28 12:28:17.747000,1.0779,1.07789,1000000,1000000
2020-05-28 12:28:20.242000,1.07791,1.07789,1100000,1000000
2020-05-28 12:28:20.974000,1.07791,1.07787,4950000,1310000
2020-05-28 12:28:21.127000,1.07789,1.07786,1310000,1690000
2020-05-28 12:28:21.228000,1.07788,1.07786,1000000,1690000
2020-05-28 12:28:23.632000,1.07788,1.07785,1250000,1690000
2020-05-28 12:28:23.733000,1.07787,1.07785,1250000,1500000
2020-05-28 12:28:28.969000,1.07787,1.07784,1310000,1500000
2020-05-28 12:28:30.456000,1.07786,1.07784,1000000,1690000
2020-05-28 12:28:32.838000,1.07785,1.07782,1000000,2140000
2020-05-28 12:28:38.315000,1.07785,1.07782,3010000,1000000
2020-05-28 12:28:38.417000,1.07785,1.07781,3010000,1310000
2020-05-28 12:28:38.577000,1.07785,1.07783,2820000,1000000
2020-05-28 12:28:38.680000,1.07788,1.07787,1200000,1000000
2020-05-28 12:28:38.732000,1.07791,1.07789,1500000,2250000
2020-05-28 12:28:38.835000,1.07793,1.07791,1100000,1000000
2020-05-28 12:28:38.937000,1.07794,1.07793,1000000,1120000
2020-05-28 12:28:39.040000,1.07795,1.07793,1500000,1120000
2020-05-28 12:28:39.092000,1.07797,1.07794,2510000,2620000
2020-05-28 12:28:39.194000,1.07796,1.07795,1000000,1000000
2020-05-28 12:28:39.498000,1.07795,1.07793,1000000,1120000
2020-05-28 12:28:39.599000,1.07795,1.07793,1000000,1120000
2020-05-28 12:28:39.701000,1.07794,1.07792,1000000,1000000
2020-05-28 12:28:41.044000,1.07794,1.0779,1870000,1950000
2020-05-28 12:28:41.145000,1.07793,1.07789,1500000,3070000
2020-05-28 12:28:47.384000,1.07793,1.0779,2060000,1000000
2020-05-28 12:28:50.611000,1.07794,1.0779,4090000,1120000
2020-05-28 12:28:52.661000,1.07795,1.07793,2810000,1000000
2020-05-28 12:28:52.762000,1.07797,1.07794,3390000,1000000
2020-05-28 12:28:52.864000,1.07798,1.07794,4140000,1870000
2020-05-28 12:28:53.069000,1.07798,1.07794,2250000,3310000
2020-05-28 12:28:56.488000,1.07799,1.07795,4020000,2120000
2020-05-28 12:28:56.996000,1.07799,1.07795,4400000,2060000
2020-05-28 12:28:57.097000,1.078,1.07795,4050000,3690000
2020-05-28 12:28:58.302000,1.07799,1.07796,1600000,1000000
2020-05-28 12:28:59.291000,1.07799,1.07796,1200000,1000000
2020-05-28 12:29:00.132000,1.07799,1.07795,2140000,2250000
2020-05-28 12:29:01.280000,1.07796,1.07795,1250000,1000000
2020-05-28 12:29:01.331000,1.07796,1.07793,3620000,1100000
2020-05-28 12:29:01.433000,1.07795,1.07791,2890000,1870000
2020-05-28 12:29:01.483000,1.07793,1.0779,2120000,1000000
2020-05-28 12:29:01.635000,1.07792,1.0779,1250000,1000000
2020-05-28 12:29:01.737000,1.07791,1.07789,1250000,1120000
2020-05-28 12:29:01.889000,1.0779,1.07787,1370000,3070000
2020-05-28 12:29:02.042000,1.07789,1.07787,2120000,1000000
2020-05-28 12:29:02.143000,1.07789,1.07786,1310000,1010000
2020-05-28 12:29:02.245000,1.0779,1.07787,1250000,1000000
2020-05-28 12:29:02.398000,1.0779,1.07787,1250000,1250000
2020-05-28 12:29:02.499000,1.0779,1.07786,1250000,1690000
2020-05-28 12:29:03.651000,1.0779,1.07787,1250000,1000000
2020-05-28 12:29:04.771000,1.07791,1.07787,2890000,1250000
2020-05-28 12:29:09.620000,1.0779,1.07786,1000000,2950000
2020-05-28 12:29:10.115000,1.07791,1.07788,1390000,1000000
2020-05-28 12:29:10.267000,1.07793,1.07788,1950000,1200000
2020-05-28 12:29:10.368000,1.07793,1.07789,1870000,1000000
2020-05-28 12:29:11.257000,1.07794,1.0779,1870000,1000000
2020-05-28 12:29:14.077000,1.07792,1.07788,1000000,1500000
2020-05-28 12:29:14.380000,1.07793,1.07789,2700000,1000000
2020-05-28 12:29:17.335000,1.07791,1.07787,1200000,2370000
2020-05-28 12:29:17.436000,1.0779,1.07786,1700000,1500000
2020-05-28 12:29:18.501000,1.0779,1.07784,1810000,1620000
2020-05-28 12:29:20.163000,1.0779,1.07784,1890000,1000000
2020-05-28 12:29:20.264000,1.07783,1.07781,1310000,1000000
2020-05-28 12:29:20.316000,1.07782,1.07777,2640000,1950000
2020-05-28 12:29:20.417000,1.07783,1.07777,1870000,1750000
2020-05-28 12:29:20.518000,1.07784,1.07779,1120000,1870000
2020-05-28 12:29:20.620000,1.07784,1.07779,2070000,1950000
2020-05-28 12:29:20.824000,1.07784,1.07778,1500000,1000000
2020-05-28 12:29:20.925000,1.07784,1.07778,1310000,1250000
2020-05-28 12:29:21.027000,1.07784,1.07777,2660000,2950000
2020-05-28 12:29:21.077000,1.07784,1.07777,2810000,1750000
2020-05-28 12:29:23.409000,1.07782,1.07778,2350000,1310000
2020-05-28 12:29:23.511000,1.0778,1.07777,1000000,1100000
2020-05-28 12:29:23.612000,1.07779,1.07775,2620000,1120000
2020-05-28 12:29:23.663000,1.07778,1.07772,1870000,1620000
2020-05-28 12:29:23.764000,1.07777,1.07772,1000000,1310000
2020-05-28 12:29:24.582000,1.07777,1.07773,1000000,1000000
2020-05-28 12:29:24.634000,1.07779,1.07773,3000000,1000000
2020-05-28 12:29:24.736000,1.07779,1.07774,2190000,1000000
2020-05-28 12:29:24.837000,1.07779,1.07773,2190000,1250000
2020-05-28 12:29:25.289000,1.07779,1.07774,2190000,1000000
2020-05-28 12:29:26.157000,1.0778,1.07775,2620000,1000000
2020-05-28 12:29:28.637000,1.07779,1.07775,1250000,1000000
2020-05-28 12:29:28.979000,1.07778,1.07774,1120000,1120000
2020-05-28 12:29:29.030000,1.07775,1.07772,1250000,1000000
2020-05-28 12:29:29.081000,1.07778,1.07772,1000000,1310000
2020-05-28 12:29:29.182000,1.07778,1.07771,1050000,3370000
2020-05-28 12:29:29.284000,1.07778,1.07772,1000000,1250000
2020-05-28 12:29:30.225000,1.07779,1.07772,2100000,1250000
2020-05-28 12:29:31.289000,1.07778,1.07772,1100000,2510000
2020-05-28 12:29:31.390000,1.07779,1.07772,1910000,3750000
2020-05-28 12:29:31.745000,1.0778,1.07775,1300000,1120000
2020-05-28 12:29:34.288000,1.07782,1.07775,2240000,1120000
2020-05-28 12:29:34.389000,1.07782,1.07776,1050000,1370000
2020-05-28 12:29:34.697000,1.07783,1.07777,1050000,2060000
2020-05-28 12:29:34.798000,1.07784,1.07778,1920000,1250000
2020-05-28 12:29:34.899000,1.07784,1.07778,1910000,1250000
2020-05-28 12:29:38.336000,1.07783,1.07777,2100000,1690000
2020-05-28 12:29:38.437000,1.07781,1.07776,1250000,1500000
2020-05-28 12:29:38.538000,1.07781,1.07774,1300000,1870000
2020-05-28 12:29:40.102000,1.07782,1.07775,3860000,1120000
2020-05-28 12:29:40.204000,1.07782,1.07776,1050000,1500000
2020-05-28 12:29:40.305000,1.07782,1.07775,1550000,1500000
2020-05-28 12:29:40.406000,1.07782,1.07775,1540000,1500000
2020-05-28 12:29:40.609000,1.07783,1.07777,1170000,2440000
2020-05-28 12:29:40.710000,1.07783,1.07777,1000000,2440000
2020-05-28 12:29:40.811000,1.07784,1.07777,1690000,2440000
2020-05-28 12:29:40.912000,1.07785,1.07779,1000000,1250000
2020-05-28 12:29:41.014000,1.07788,1.07782,2500000,1250000
2020-05-28 12:29:41.116000,1.07788,1.07782,1250000,1750000
2020-05-28 12:29:41.532000,1.07787,1.07782,1000000,1750000
2020-05-28 12:29:41.583000,1.07789,1.07783,2810000,1250000
2020-05-28 12:29:43.634000,1.07789,1.07782,1500000,1690000
2020-05-28 12:29:44.324000,1.07784,1.07782,1000000,1000000
2020-05-28 12:29:44.375000,1.07785,1.07782,1100000,1000000
2020-05-28 12:29:44.477000,1.07785,1.07781,1690000,1870000
2020-05-28 12:29:44.579000,1.07785,1.0778,3250000,1000000
2020-05-28 12:29:44.681000,1.07785,1.07779,3250000,1000000
2020-05-28 12:29:44.833000,1.07783,1.07779,1000000,1000000
2020-05-28 12:29:44.934000,1.07785,1.07779,6810000,1000000
2020-05-28 12:29:45.073000,1.07782,1.07778,1250000,1100000
2020-05-28 12:29:45.174000,1.07782,1.07777,1250000,1000000
2020-05-28 12:29:45.276000,1.07782,1.07776,1000000,1000000
2020-05-28 12:29:47.021000,1.07784,1.07776,1500000,1000000
2020-05-28 12:29:47.274000,1.07783,1.07776,1000000,1000000
2020-05-28 12:29:47.487000,1.07784,1.07775,1000000,1000000
2020-05-28 12:29:48.083000,1.07783,1.07776,1000000,1000000
2020-05-28 12:29:48.878000,1.07787,1.07774,1870000,1000000
2020-05-28 12:29:50.420000,1.07785,1.07773,1500000,1500000
2020-05-28 12:29:50.521000,1.07789,1.07773,4060000,1800000
2020-05-28 12:29:50.735000,1.07789,1.07773,1690000,1000000
2020-05-28 12:29:50.840000,1.07786,1.07774,1250000,1000000
2020-05-28 12:29:51.143000,1.07786,1.07773,1250000,1500000
2020-05-28 12:29:51.195000,1.07786,1.07767,1690000,3370000
2020-05-28 12:29:51.296000,1.07785,1.07767,1000000,1870000
2020-05-28 12:29:51.677000,1.07786,1.07767,3190000,2620000
2020-05-28 12:29:53.506000,1.07784,1.07767,1250000,1000000
2020-05-28 12:29:54.337000,1.07784,1.07767,1750000,1870000
2020-05-28 12:29:55.095000,1.07783,1.07767,2120000,1120000
2020-05-28 12:29:55.247000,1.07783,1.07761,4120000,1100000
2020-05-28 12:29:55.349000,1.07782,1.07761,2810000,1100000
2020-05-28 12:29:55.450000,1.07781,1.0776,2000000,1720000
2020-05-28 12:29:55.854000,1.07778,1.07759,1000000,1850000
2020-05-28 12:29:56.187000,1.07772,1.07755,1000000,3100000
2020-05-28 12:29:56.238000,1.07772,1.07756,1000000,1120000
2020-05-28 12:29:56.490000,1.07775,1.07756,1500000,1120000
2020-05-28 12:29:56.642000,1.07776,1.07756,2750000,1620000
2020-05-28 12:29:56.743000,1.07777,1.07758,2000000,1000000
2020-05-28 12:29:56.844000,1.07778,1.07758,3500000,1000000
2020-05-28 12:29:56.945000,1.07776,1.07758,1500000,1100000
2020-05-28 12:29:57.098000,1.07778,1.07758,1500000,1100000
2020-05-28 12:29:57.206000,1.07779,1.07759,2000000,1100000
2020-05-28 12:29:57.310000,1.07779,1.07759,2000000,1000000
2020-05-28 12:29:57.547000,1.07779,1.0776,1000000,1000000
2020-05-28 12:29:57.648000,1.07779,1.07759,1000000,1000000
2020-05-28 12:29:58.989000,1.07779,1.07759,1500000,1100000
2020-05-28 12:29:59.564000,1.07779,1.07756,1000000,2160000
2020-05-28 12:29:59.615000,1.07776,1.07757,1250000,1000000
2020-05-28 12:29:59.975000,1.07776,1.07755,1250000,3070000
2020-05-28 12:30:00.077000,1.07776,1.07755,1250000,1600000
2020-05-28 12:30:00.178000,1.07775,1.07756,1000000,1000000
2020-05-28 12:30:00.281000,1.07777,1.07755,1250000,3000000
2020-05-28 12:30:00.333000,1.07777,1.07761,1250000,1000000
2020-05-28 12:30:00.384000,1.07781,1.07761,1250000,1500000
2020-05-28 12:30:00.485000,1.07781,1.07762,1250000,1000000
2020-05-28 12:30:00.817000,1.07782,1.07762,2750000,1100000
2020-05-28 12:30:00.920000,1.07781,1.07762,1500000,1570000
2020-05-28 12:30:01.022000,1.07781,1.07763,2000000,1000000
2020-05-28 12:30:01.123000,1.07781,1.07766,1050000,2100000
2020-05-28 12:30:01.584000,1.07782,1.07767,1000000,2700000
2020-05-28 12:30:01.686000,1.07785,1.07767,1000000,2700000
2020-05-28 12:30:01.787000,1.07786,1.07766,1000000,2250000
2020-05-28 12:30:01.888000,1.07785,1.07766,1000000,2250000
2020-05-28 12:30:02.059000,1.07787,1.07766,5440000,2250000
2020-05-28 12:30:02.110000,1.07785,1.07766,1000000,1000000
2020-05-28 12:30:02.594000,1.07777,1.07764,1600000,1220000
2020-05-28 12:30:02.697000,1.07777,1.07764,1600000,1220000
2020-05-28 12:30:02.954000,1.07778,1.07764,1600000,1100000
2020-05-28 12:30:03.005000,1.0778,1.07764,2000000,1220000
2020-05-28 12:30:03.106000,1.0778,1.07764,2000000,1220000
2020-05-28 12:30:03.214000,1.0778,1.07764,2000000,1100000
2020-05-28 12:30:03.265000,1.07777,1.07764,1120000,1100000
2020-05-28 12:30:03.366000,1.07777,1.07764,1720000,1100000
2020-05-28 12:30:04.404000,1.07776,1.07763,3000000,1970000
2020-05-28 12:30:04.518000,1.07776,1.07763,3000000,1500000
2020-05-28 12:30:06.217000,1.07776,1.07762,4160000,1220000
2020-05-28 12:30:06.319000,1.07775,1.07762,1100000,1220000
2020-05-28 12:30:06.964000,1.07778,1.07763,2100000,2220000
2020-05-28 12:30:07.015000,1.07779,1.07764,1310000,1010000
2020-05-28 12:30:07.116000,1.07779,1.07764,2190000,1250000
2020-05-28 12:30:07.218000,1.07779,1.07764,1750000,1250000
2020-05-28 12:30:07.491000,1.07779,1.07764,1750000,1250000
2020-05-28 12:30:09.392000,1.07779,1.07764,1250000,1010000
2020-05-28 12:30:09.819000,1.07777,1.07764,1000000,1010000
2020-05-28 12:30:09.920000,1.07777,1.07764,2470000,1010000
2020-05-28 12:30:11.499000,1.07774,1.07765,1000000,1000000
2020-05-28 12:30:12.564000,1.07774,1.07766,1000000,1000000
2020-05-28 12:30:13.277000,1.07776,1.0777,1000000,1000000
2020-05-28 12:30:14.347000,1.07777,1.07771,1000000,1000000
2020-05-28 12:30:15.577000,1.07777,1.07772,1000000,1000000
2020-05-28 12:30:15.685000,1.07777,1.07771,1000000,1120000
2020-05-28 12:30:16.163000,1.0778,1.07774,3870000,1120000
2020-05-28 12:30:16.214000,1.07782,1.07773,2750000,1620000
2020-05-28 12:30:16.366000,1.07782,1.07774,2000000,1000000
2020-05-28 12:30:16.519000,1.07782,1.07773,1500000,1500000
2020-05-28 12:30:18.059000,1.07782,1.07773,1500000,1500000
2020-05-28 12:30:18.110000,1.07782,1.07775,1620000,1000000
2020-05-28 12:30:18.262000,1.07782,1.07773,1620000,1870000
2020-05-28 12:30:18.364000,1.07782,1.07773,2370000,2750000
2020-05-28 12:30:18.515000,1.07781,1.07774,1200000,1600000
2020-05-28 12:30:18.617000,1.07782,1.07773,2370000,3220000
2020-05-28 12:30:18.877000,1.07782,1.07773,2370000,2320000
2020-05-28 12:30:18.979000,1.07782,1.07778,1100000,1000000
2020-05-28 12:30:19.080000,1.07783,1.07779,1500000,1000000
2020-05-28 12:30:19.333000,1.07783,1.0778,1120000,1000000
2020-05-28 12:30:19.687000,1.07784,1.07779,1120000,1120000
2020-05-28 12:30:19.788000,1.07781,1.07776,1000000,1200000
2020-05-28 12:30:19.890000,1.07782,1.07775,2250000,1200000
2020-05-28 12:30:19.991000,1.07781,1.07775,2320000,1200000
2020-05-28 12:30:20.153000,1.07781,1.07774,1870000,1100000
2020-05-28 12:30:20.254000,1.07781,1.07774,2000000,1200000
2020-05-28 12:30:20.766000,1.07779,1.07773,1000000,2000000
2020-05-28 12:30:20.968000,1.07778,1.07774,1000000,1000000
2020-05-28 12:30:21.170000,1.07778,1.07773,1000000,1120000
2020-05-28 12:30:21.942000,1.0778,1.07773,1870000,1870000
2020-05-28 12:30:22.043000,1.0778,1.07774,1120000,1500000
2020-05-28 12:30:23.199000,1.07781,1.07773,1120000,2370000
2020-05-28 12:30:24.231000,1.07781,1.07774,2370000,1870000
2020-05-28 12:30:25.206000,1.07781,1.07774,1870000,1120000
2020-05-28 12:30:26.246000,1.07781,1.07774,1870000,2070000
2020-05-28 12:30:28.241000,1.07781,1.07775,2250000,1720000
2020-05-28 12:30:30.016000,1.07781,1.07775,1950000,2400000
2020-05-28 12:30:30.117000,1.07781,1.07775,1950000,2520000
2020-05-28 12:30:30.558000,1.07781,1.07777,1100000,1000000
2020-05-28 12:30:30.609000,1.07782,1.07779,1000000,1500000
2020-05-28 12:30:30.711000,1.07784,1.07783,1100000,1000000
2020-05-28 12:30:30.761000,1.07787,1.07784,1500000,1120000
2020-05-28 12:30:30.913000,1.07789,1.07784,2470000,1500000
2020-05-28 12:30:31.014000,1.07789,1.07784,1000000,1950000
2020-05-28 12:30:31.116000,1.07789,1.07784,1000000,2520000
2020-05-28 12:30:31.240000,1.07789,1.07784,1000000,2400000
2020-05-28 12:30:32.261000,1.07786,1.07784,1000000,1200000
2020-05-28 12:30:32.312000,1.07783,1.0778,1000000,1700000
2020-05-28 12:30:32.413000,1.07781,1.07777,1620000,4050000
2020-05-28 12:30:32.514000,1.07781,1.07777,1620000,3650000
2020-05-28 12:30:33.272000,1.07781,1.07778,1120000,1100000
2020-05-28 12:30:34.770000,1.0778,1.07777,1120000,1100000
2020-05-28 12:30:34.872000,1.0778,1.07776,1120000,2820000
2020-05-28 12:30:35.758000,1.0778,1.07776,2000000,2320000
2020-05-28 12:30:36.214000,1.0778,1.07777,1620000,1000000
2020-05-28 12:30:36.366000,1.0778,1.07777,1120000,1570000
2020-05-28 12:30:46.149000,1.0778,1.07777,1000000,1700000
2020-05-28 12:30:47.032000,1.07782,1.07777,3120000,1700000
2020-05-28 12:30:47.398000,1.07782,1.07777,3120000,1700000
2020-05-28 12:30:49.434000,1.07782,1.07778,2370000,1500000
2020-05-28 12:30:49.688000,1.07782,1.07779,1620000,1200000
2020-05-28 12:30:49.789000,1.07784,1.07781,3820000,1500000
2020-05-28 12:30:49.891000,1.07787,1.07784,1500000,1000000
2020-05-28 12:30:49.992000,1.07787,1.07784,1000000,1200000
2020-05-28 12:30:50.093000,1.07787,1.07784,1000000,1600000
2020-05-28 12:30:50.195000,1.07787,1.07784,1000000,1200000
2020-05-28 12:30:50.674000,1.07787,1.07785,1000000,1200000
2020-05-28 12:30:55.566000,1.07787,1.07784,1120000,1120000
2020-05-28 12:30:59.909000,1.07787,1.07785,1000000,1000000
2020-05-28 12:30:59.959000,1.07789,1.07786,2400000,1120000
2020-05-28 12:31:00.464000,1.07789,1.07785,2450000,1870000
2020-05-28 12:31:02.087000,1.07789,1.07787,1100000,1120000
2020-05-28 12:31:02.189000,1.0779,1.07788,1000000,1120000
2020-05-28 12:31:02.341000,1.07791,1.07789,1950000,1000000
2020-05-28 12:31:02.442000,1.07793,1.0779,2570000,1000000
2020-05-28 12:31:02.543000,1.07794,1.0779,2590000,1870000
2020-05-28 12:31:02.594000,1.07795,1.07792,1850000,1120000
2020-05-28 12:31:02.696000,1.07795,1.07793,1350000,1000000
2020-05-28 12:31:02.798000,1.07795,1.07792,2570000,1120000
2020-05-28 12:31:03.115000,1.07795,1.07791,3420000,1120000
2020-05-28 12:31:03.217000,1.07794,1.07791,2200000,1000000
2020-05-28 12:31:03.955000,1.07794,1.07792,1250000,1000000
2020-05-28 12:31:04.348000,1.07795,1.07792,2200000,1500000
2020-05-28 12:31:05.930000,1.07796,1.07793,3320000,1500000
2020-05-28 12:31:07.103000,1.07796,1.07793,1570000,1250000
2020-05-28 12:31:08.431000,1.07796,1.07794,1120000,1000000
2020-05-28 12:31:10.390000,1.07796,1.07795,1120000,1000000
2020-05-28 12:31:10.783000,1.07797,1.07795,1950000,1000000
2020-05-28 12:31:11.105000,1.07798,1.07796,1200000,7760000
2020-05-28 12:31:11.206000,1.07803,1.07799,4110000,2060000
2020-05-28 12:31:11.257000,1.07803,1.07801,3360000,1000000
2020-05-28 12:31:11.358000,1.07803,1.07801,2140000,1000000
2020-05-28 12:31:11.459000,1.07803,1.07802,1690000,1000000
2020-05-28 12:31:11.561000,1.07805,1.07802,2990000,1000000
2020-05-28 12:31:11.662000,1.07805,1.07803,1760000,1000000
2020-05-28 12:31:13.285000,1.07805,1.07801,1000000,2500000
2020-05-28 12:31:13.719000,1.07805,1.07801,1570000,1690000
2020-05-28 12:31:15.397000,1.07805,1.07802,1620000,1000000
2020-05-28 12:31:15.498000,1.07807,1.07803,3690000,1000000
2020-05-28 12:31:17.523000,1.07805,1.07803,3260000,1000000
2020-05-28 12:31:17.625000,1.07805,1.07803,4140000,1000000
2020-05-28 12:31:17.900000,1.07804,1.078,3460000,1500000
2020-05-28 12:31:19.292000,1.07803,1.078,2620000,1000000
2020-05-28 12:31:19.393000,1.07804,1.07802,1690000,1000000
2020-05-28 12:31:19.494000,1.07804,1.07803,1000000,1000000
2020-05-28 12:31:19.595000,1.07806,1.07802,2870000,1120000
2020-05-28 12:31:19.697000,1.07806,1.07802,2060000,2510000
2020-05-28 12:31:19.798000,1.07807,1.07804,3750000,1000000
2020-05-28 12:31:19.950000,1.07813,1.07812,1000000,1500000
2020-05-28 12:31:20.052000,1.07816,1.07814,1800000,1620000
2020-05-28 12:31:20.153000,1.07818,1.07814,3340000,2370000
2020-05-28 12:31:20.304000,1.07817,1.07814,1000000,1620000
2020-05-28 12:31:20.406000,1.07817,1.07814,1000000,1120000
2020-05-28 12:31:20.507000,1.07815,1.07813,1250000,1570000
2020-05-28 12:31:20.608000,1.07815,1.07812,1310000,1870000
2020-05-28 12:31:20.710000,1.07813,1.0781,1120000,1000000
2020-05-28 12:31:20.812000,1.07812,1.07809,2060000,1000000
2020-05-28 12:31:21.289000,1.0781,1.07808,1310000,1500000
2020-05-28 12:31:21.391000,1.0781,1.07807,1310000,1120000
2020-05-28 12:31:21.845000,1.0781,1.07806,4200000,1000000
2020-05-28 12:31:21.946000,1.07808,1.07803,3450000,1570000
2020-05-28 12:31:22.048000,1.07807,1.07802,4200000,3470000
2020-05-28 12:31:22.149000,1.07807,1.07802,5700000,1950000
2020-05-28 12:31:22.740000,1.07807,1.07803,6450000,1000000
2020-05-28 12:31:24.244000,1.07807,1.07804,1100000,1000000
2020-05-28 12:31:24.345000,1.07808,1.07804,3760000,1500000
2020-05-28 12:31:28.624000,1.07807,1.07803,1570000,1120000
2020-05-28 12:31:31.316000,1.07807,1.07803,4210000,1500000
2020-05-28 12:31:31.665000,1.07807,1.07804,4210000,1000000
2020-05-28 12:31:32.288000,1.07807,1.07804,2890000,1000000
2020-05-28 12:31:33.320000,1.07807,1.07804,4140000,1000000
2020-05-28 12:31:34.618000,1.07807,1.07803,3690000,1500000
2020-05-28 12:31:35.837000,1.07807,1.07803,2060000,2460000
2020-05-28 12:31:36.840000,1.07807,1.07803,4060000,1870000
2020-05-28 12:31:40.143000,1.07805,1.07801,2120000,3200000
2020-05-28 12:31:40.194000,1.07805,1.078,4960000,2810000
2020-05-28 12:31:40.958000,1.07803,1.078,1750000,1000000
2020-05-28 12:31:41.110000,1.07802,1.07799,1370000,2320000
2020-05-28 12:31:41.769000,1.07802,1.07799,1310000,1450000
2020-05-28 12:31:42.123000,1.07802,1.07799,1510000,1250000
2020-05-28 12:31:45.295000,1.07802,1.07798,2640000,1120000
2020-05-28 12:31:46.869000,1.07801,1.07797,5200000,2060000
2020-05-28 12:31:47.592000,1.07798,1.07795,1750000,1570000
2020-05-28 12:31:47.744000,1.07798,1.07794,2870000,2060000
2020-05-28 12:31:48.050000,1.07797,1.07794,1250000,1690000
2020-05-28 12:31:49.506000,1.07797,1.07793,2870000,2060000
2020-05-28 12:31:49.607000,1.07795,1.07793,1310000,1600000
2020-05-28 12:31:49.709000,1.07795,1.07792,1250000,1250000
2020-05-28 12:31:49.811000,1.07795,1.07792,1250000,2260000
2020-05-28 12:31:49.912000,1.07794,1.07791,1000000,3450000
2020-05-28 12:31:50.366000,1.07794,1.07791,1250000,1310000
2020-05-28 12:31:50.480000,1.07794,1.07791,1310000,2260000
2020-05-28 12:31:50.581000,1.07794,1.07791,1310000,1250000
2020-05-28 12:31:51.481000,1.07794,1.0779,2190000,2270000
2020-05-28 12:31:51.683000,1.07794,1.07791,2190000,1510000
2020-05-28 12:31:51.849000,1.07794,1.0779,2190000,1900000
2020-05-28 12:31:52.469000,1.07794,1.0779,2060000,3550000
2020-05-28 12:31:52.671000,1.07794,1.07791,1310000,1990000
2020-05-28 12:31:53.309000,1.07796,1.07792,3560000,3710000
2020-05-28 12:31:53.511000,1.07796,1.07793,2810000,1000000
2020-05-28 12:31:53.965000,1.07796,1.07792,3560000,3710000
2020-05-28 12:31:54.066000,1.07795,1.07792,2810000,1000000
2020-05-28 12:31:54.168000,1.07795,1.07791,3640000,2510000
2020-05-28 12:31:54.982000,1.07795,1.07791,3760000,1690000
2020-05-28 12:31:56.446000,1.07794,1.07789,1200000,5340000
2020-05-28 12:31:56.547000,1.07793,1.07789,1310000,4090000
2020-05-28 12:31:59.525000,1.07793,1.07789,1310000,4860000
2020-05-28 12:31:59.626000,1.07793,1.07789,1310000,4840000
2020-05-28 12:31:59.727000,1.07793,1.07789,1310000,4860000
2020-05-28 12:31:59.828000,1.07793,1.07789,1310000,4840000
2020-05-28 12:32:00.405000,1.07792,1.07789,1000000,2590000
2020-05-28 12:32:00.506000,1.07791,1.07788,2810000,1100000
2020-05-28 12:32:00.557000,1.07789,1.07787,1000000,1000000
2020-05-28 12:32:00.658000,1.0779,1.07786,6640000,1690000
2020-05-28 12:32:00.969000,1.07789,1.07786,1500000,1690000
2020-05-28 12:32:01.304000,1.07789,1.07787,1000000,1950000
2020-05-28 12:32:01.406000,1.0779,1.07787,1690000,2920000
2020-05-28 12:32:01.507000,1.0779,1.07786,4310000,4140000
2020-05-28 12:32:01.608000,1.07789,1.07785,4140000,1310000
2020-05-28 12:32:01.710000,1.07788,1.07785,1620000,1250000
2020-05-28 12:32:01.811000,1.07788,1.07784,2560000,3340000
2020-05-28 12:32:01.962000,1.07788,1.07784,1250000,3710000
2020-05-28 12:32:02.063000,1.07788,1.07784,1250000,3740000
2020-05-28 12:32:02.164000,1.07788,1.07784,1250000,3710000
2020-05-28 12:32:03.938000,1.07788,1.07784,2640000,1310000
2020-05-28 12:32:05.535000,1.07788,1.07785,2640000,1000000
2020-05-28 12:32:06.966000,1.07788,1.07785,1390000,1250000
2020-05-28 12:32:08.961000,1.07788,1.07785,2640000,1250000
2020-05-28 12:32:09.548000,1.07789,1.07787,1200000,1250000
2020-05-28 12:32:09.649000,1.07791,1.07788,1890000,1250000
2020-05-28 12:32:10.172000,1.07791,1.07788,1390000,1310000
2020-05-28 12:32:10.324000,1.07791,1.07789,1390000,1000000
2020-05-28 12:32:10.879000,1.07791,1.07788,1390000,1310000
2020-05-28 12:32:11.837000,1.07793,1.0779,4950000,1000000
2020-05-28 12:32:25.465000,1.07792,1.07789,1000000,1310000
2020-05-28 12:32:25.566000,1.0779,1.07787,1000000,3860000
2020-05-28 12:32:25.668000,1.0779,1.07787,2810000,1100000
2020-05-28 12:32:25.769000,1.07789,1.07787,1000000,1100000
2020-05-28 12:32:25.974000,1.07789,1.07786,1500000,1690000
2020-05-28 12:32:26.075000,1.07789,1.07784,3310000,4140000
2020-05-28 12:32:26.181000,1.07788,1.07784,3370000,2590000
2020-05-28 12:32:28.852000,1.07783,1.07781,1000000,1000000
2020-05-28 12:32:28.954000,1.07783,1.0778,1100000,3010000
2020-05-28 12:32:29.055000,1.07783,1.0778,1950000,1000000
2020-05-28 12:32:29.258000,1.07783,1.07779,1950000,2890000
2020-05-28 12:32:29.359000,1.07783,1.07779,4410000,1950000
2020-05-28 12:32:29.662000,1.07782,1.07778,1200000,3640000
2020-05-28 12:32:29.953000,1.07783,1.07778,5190000,4790000
2020-05-28 12:32:37.045000,1.07784,1.07781,1600000,2510000
2020-05-28 12:32:37.146000,1.07786,1.07782,3640000,1100000
2020-05-28 12:32:37.609000,1.07786,1.07783,1760000,1700000
2020-05-28 12:32:38.568000,1.07788,1.07785,3470000,1000000
2020-05-28 12:32:41.150000,1.07787,1.07785,1250000,1200000
2020-05-28 12:32:41.655000,1.07789,1.07785,2200000,2140000
2020-05-28 12:32:41.756000,1.07787,1.07785,1250000,1950000
2020-05-28 12:32:42.103000,1.07789,1.07785,2200000,2140000
2020-05-28 12:32:42.205000,1.07789,1.07786,1200000,1250000
2020-05-28 12:32:42.866000,1.07789,1.07785,2570000,1010000
2020-05-28 12:32:43.126000,1.0779,1.07786,3720000,1390000
2020-05-28 12:32:43.227000,1.07791,1.07789,1100000,1000000
2020-05-28 12:32:43.329000,1.07793,1.07789,3860000,1120000
2020-05-28 12:32:45.661000,1.07793,1.07789,2510000,3640000
2020-05-28 12:32:45.763000,1.07794,1.0779,3290000,2510000
2020-05-28 12:32:48.840000,1.07793,1.07789,2960000,3560000
2020-05-28 12:32:49.698000,1.07793,1.07789,2990000,3560000
2020-05-28 12:32:50.405000,1.07793,1.07789,2960000,3560000
2020-05-28 12:32:50.708000,1.07793,1.0779,1010000,1000000
2020-05-28 12:32:50.810000,1.07794,1.0779,3260000,3390000
2020-05-28 12:32:51.063000,1.07794,1.0779,2960000,2440000
2020-05-28 12:32:51.744000,1.07794,1.0779,4110000,2440000
2020-05-28 12:32:51.896000,1.07793,1.07789,2890000,4760000
2020-05-28 12:32:51.997000,1.07792,1.07789,1570000,1000000
2020-05-28 12:32:52.099000,1.07792,1.07788,3670000,1500000
2020-05-28 12:32:52.452000,1.07791,1.07788,3740000,1000000
2020-05-28 12:32:52.553000,1.07791,1.07788,3260000,1000000
2020-05-28 12:32:52.655000,1.07791,1.07788,2990000,1000000
2020-05-28 12:32:53.175000,1.07791,1.07788,2960000,1000000
2020-05-28 12:32:53.276000,1.07791,1.07788,2910000,1000000
2020-05-28 12:32:53.631000,1.07792,1.07788,3010000,3390000
2020-05-28 12:32:53.732000,1.07792,1.0779,2510000,1000000
2020-05-28 12:32:53.884000,1.07793,1.07791,1600000,1000000
2020-05-28 12:32:53.985000,1.07794,1.07791,1410000,1250000
2020-05-28 12:32:54.087000,1.07794,1.07791,1010000,1750000
2020-05-28 12:32:54.188000,1.07794,1.07791,2970000,1120000
2020-05-28 12:32:54.996000,1.07795,1.07792,3800000,1000000
2020-05-28 12:32:55.148000,1.07795,1.07792,2210000,1690000
2020-05-28 12:32:55.249000,1.07795,1.07792,2240000,1690000
2020-05-28 12:32:55.615000,1.07795,1.07792,2210000,1690000
2020-05-28 12:32:56.346000,1.07796,1.07793,1410000,2060000
2020-05-28 12:32:56.448000,1.07796,1.07793,1310000,2060000
2020-05-28 12:32:56.549000,1.07796,1.07792,5670000,2560000
2020-05-28 12:32:56.701000,1.07796,1.07793,1090000,2560000
2020-05-28 12:32:56.803000,1.07797,1.07793,4270000,2060000
2020-05-28 12:32:56.854000,1.07797,1.07795,1390000,1000000
2020-05-28 12:32:57.462000,1.07799,1.07796,1200000,1000000
2020-05-28 12:32:57.563000,1.078,1.07796,2960000,2000000
2020-05-28 12:32:57.614000,1.078,1.07798,1310000,1000000
2020-05-28 12:32:57.716000,1.07801,1.07799,1390000,1000000
2020-05-28 12:33:00.115000,1.07801,1.07797,2140000,4060000
2020-05-28 12:33:00.217000,1.07801,1.07799,1390000,1000000
2020-05-28 12:33:00.826000,1.07802,1.07799,2140000,1000000
2020-05-28 12:33:01.656000,1.07804,1.07801,3100000,1000000
2020-05-28 12:33:01.757000,1.07804,1.07802,1390000,1000000
2020-05-28 12:33:03.095000,1.07805,1.07802,1010000,1310000
2020-05-28 12:33:04.007000,1.07804,1.078,1750000,3760000
2020-05-28 12:33:04.311000,1.07804,1.078,4150000,1250000
2020-05-28 12:33:06.021000,1.07802,1.07798,1250000,3640000
2020-05-28 12:33:06.122000,1.07801,1.07797,4990000,2250000
2020-05-28 12:33:06.275000,1.078,1.07796,2210000,1370000
2020-05-28 12:33:06.377000,1.078,1.07796,3360000,1370000
2020-05-28 12:33:08.956000,1.07799,1.07796,2550000,1250000
2020-05-28 12:33:09.380000,1.07799,1.07796,1950000,1370000
2020-05-28 12:33:10.690000,1.07799,1.07796,1010000,2060000
2020-05-28 12:33:12.098000,1.07799,1.07796,2200000,1120000
2020-05-28 12:33:13.120000,1.078,1.07796,6520000,2060000
2020-05-28 12:33:13.221000,1.078,1.07797,2210000,1310000
2020-05-28 12:33:13.700000,1.07801,1.07797,5270000,2190000
2020-05-28 12:33:14.494000,1.07801,1.07798,1200000,1120000
2020-05-28 12:33:14.747000,1.07801,1.07798,1120000,2870000
2020-05-28 12:33:14.849000,1.07803,1.07801,1100000,1000000
2020-05-28 12:33:14.900000,1.07805,1.07801,3700000,2000000
2020-05-28 12:33:15.962000,1.07805,1.07803,1750000,1000000
2020-05-28 12:33:16.419000,1.07805,1.07801,3210000,1870000
2020-05-28 12:33:16.975000,1.07804,1.07801,1900000,1000000
2020-05-28 12:33:17.077000,1.07804,1.078,2210000,3250000
2020-05-28 12:33:18.947000,1.07803,1.078,1010000,1810000
2020-05-28 12:33:19.049000,1.07801,1.07798,2890000,1390000
2020-05-28 12:33:19.152000,1.07801,1.07798,4960000,1250000
2020-05-28 12:33:20.291000,1.078,1.07797,3770000,1120000
2020-05-28 12:33:21.225000,1.078,1.07797,2060000,1310000
2020-05-28 12:33:21.326000,1.078,1.07798,1310000,1000000
2020-05-28 12:33:25.057000,1.07801,1.07797,3340000,4120000
2020-05-28 12:33:25.108000,1.07802,1.078,1100000,1310000
2020-05-28 12:33:25.159000,1.07803,1.078,1120000,1310000
2020-05-28 12:33:25.260000,1.07804,1.07801,2140000,2370000
2020-05-28 12:33:25.919000,1.07804,1.078,2140000,3690000
2020-05-28 12:33:26.917000,1.07801,1.07799,1500000,1100000
2020-05-28 12:33:27.018000,1.07803,1.078,2140000,1250000
2020-05-28 12:33:27.120000,1.07804,1.07801,1010000,1310000
2020-05-28 12:33:27.222000,1.07805,1.07802,2870000,1120000
2020-05-28 12:33:27.323000,1.07805,1.07802,2060000,1310000
2020-05-28 12:33:28.656000,1.07805,1.07801,3410000,1100000
2020-05-28 12:33:28.757000,1.07804,1.078,1100000,2890000
2020-05-28 12:33:28.858000,1.07804,1.078,4150000,1310000
2020-05-28 12:33:34.372000,1.07801,1.07798,1000000,4200000
2020-05-28 12:33:34.473000,1.078,1.07798,1250000,1120000
2020-05-28 12:33:34.575000,1.078,1.07797,2510000,1250000
2020-05-28 12:33:34.676000,1.07799,1.07796,1310000,1310000
2020-05-28 12:33:36.596000,1.078,1.07796,2400000,2440000
2020-05-28 12:33:36.698000,1.078,1.07796,2400000,2940000
2020-05-28 12:33:36.930000,1.078,1.07796,3400000,2000000
2020-05-28 12:33:37.286000,1.07799,1.07796,2510000,1310000
2020-05-28 12:33:37.438000,1.07798,1.07796,1250000,1120000
2020-05-28 12:33:38.093000,1.07796,1.07794,1000000,1000000
2020-05-28 12:33:38.194000,1.07795,1.07791,1250000,3560000
2020-05-28 12:33:38.297000,1.07794,1.0779,1650000,4500000
2020-05-28 12:33:38.398000,1.07793,1.0779,1000000,2190000
2020-05-28 12:33:38.500000,1.07793,1.0779,1250000,1120000
2020-05-28 12:33:39.491000,1.07791,1.07788,1250000,3570000
2020-05-28 12:33:39.592000,1.07791,1.07788,1250000,1500000
2020-05-28 12:33:40.059000,1.0779,1.07787,2950000,1100000
2020-05-28 12:33:40.110000,1.07789,1.07785,1370000,2700000
2020-05-28 12:33:40.262000,1.0779,1.07786,2600000,1870000
2020-05-28 12:33:40.363000,1.0779,1.07786,1760000,3940000
2020-05-28 12:33:40.465000,1.07789,1.07786,1010000,1500000
2020-05-28 12:33:40.566000,1.07788,1.07785,1310000,1100000
2020-05-28 12:33:40.617000,1.07788,1.07784,1760000,3750000
2020-05-28 12:33:41.437000,1.07787,1.07784,1010000,1870000
2020-05-28 12:33:43.437000,1.07788,1.07784,3190000,2400000
2020-05-28 12:33:43.487000,1.07788,1.07786,2440000,1000000
2020-05-28 12:33:43.589000,1.07789,1.07786,1010000,1000000
2020-05-28 12:33:44.413000,1.07788,1.07786,1250000,1000000
2020-05-28 12:33:44.515000,1.07788,1.07784,1310000,2700000
2020-05-28 12:33:44.616000,1.07787,1.07784,2140000,1120000
2020-05-28 12:33:44.768000,1.07786,1.07783,1010000,2370000
2020-05-28 12:33:44.869000,1.07785,1.07783,1250000,1870000
2020-05-28 12:33:49.467000,1.07786,1.07784,1540000,1000000
2020-05-28 12:33:49.569000,1.07789,1.07786,3550000,1000000
2020-05-28 12:33:49.620000,1.07789,1.07786,2140000,1000000
2020-05-28 12:33:49.721000,1.07789,1.07787,1310000,1500000
2020-05-28 12:33:49.772000,1.07791,1.07788,1850000,2370000
2020-05-28 12:33:49.873000,1.07791,1.07789,1250000,1120000
2020-05-28 12:33:51.533000,1.07794,1.0779,3360000,2060000
2020-05-28 12:33:51.634000,1.07794,1.0779,2390000,2560000
2020-05-28 12:33:51.786000,1.07792,1.0779,1250000,1120000
2020-05-28 12:33:51.887000,1.07791,1.07788,1010000,2440000
2020-05-28 12:33:52.090000,1.0779,1.07787,1000000,2500000
2020-05-28 12:33:52.667000,1.0779,1.07787,3770000,1000000
2020-05-28 12:33:52.769000,1.07789,1.07786,1390000,2440000
2020-05-28 12:33:52.870000,1.07789,1.07786,2540000,1690000
2020-05-28 12:33:54.247000,1.07789,1.07785,5450000,2440000
2020-05-28 12:33:54.449000,1.07788,1.07785,1520000,1500000
2020-05-28 12:33:54.651000,1.07789,1.07785,5050000,2440000
2020-05-28 12:33:56.344000,1.07787,1.07785,1250000,1500000
2020-05-28 12:33:56.445000,1.07787,1.07784,1760000,1310000
2020-05-28 12:33:57,1.07787,1.07784,3090000,1250000
2020-05-28 12:33:57.995000,1.07787,1.07784,2510000,1310000
2020-05-28 12:33:59.378000,1.07788,1.07785,1090000,1500000
2020-05-28 12:33:59.479000,1.07789,1.07786,2950000,1000000
2020-05-28 12:33:59.581000,1.0779,1.07786,2770000,2250000
2020-05-28 12:33:59.884000,1.0779,1.07786,1390000,4390000
2020-05-28 12:34:00.389000,1.0779,1.07787,1250000,1000000
2020-05-28 12:34:00.692000,1.0779,1.07786,1250000,5510000
2020-05-28 12:34:01.177000,1.0779,1.07787,1250000,1000000
2020-05-28 12:34:01.632000,1.07791,1.07787,1010000,3690000
2020-05-28 12:34:02.620000,1.07791,1.07787,1390000,3560000
2020-05-28 12:34:02.923000,1.0779,1.07787,1000000,2810000
2020-05-28 12:34:04.326000,1.07792,1.07788,3770000,1500000
2020-05-28 12:34:04.427000,1.07793,1.07789,2600000,2750000
2020-05-28 12:34:04.832000,1.07794,1.0779,3620000,1100000
2020-05-28 12:34:06.522000,1.07793,1.07789,2570000,1700000
2020-05-28 12:34:06.629000,1.07793,1.07789,3070000,1120000
2020-05-28 12:34:06.730000,1.07792,1.07788,2950000,3200000
2020-05-28 12:34:07.687000,1.07792,1.07788,3070000,2250000
2020-05-28 12:34:08.674000,1.07792,1.07788,2950000,2450000
2020-05-28 12:34:09.707000,1.07791,1.07788,1310000,1500000
2020-05-28 12:34:09.810000,1.0779,1.07787,1250000,2320000
2020-05-28 12:34:09.912000,1.07789,1.07787,1000000,2450000
2020-05-28 12:34:10.014000,1.07789,1.07787,1000000,1500000
2020-05-28 12:34:10.217000,1.0779,1.07787,1690000,2320000
2020-05-28 12:34:13.933000,1.07791,1.07788,2060000,1500000
2020-05-28 12:34:14.034000,1.07792,1.07789,1690000,2250000
2020-05-28 12:34:14.136000,1.07792,1.0779,1250000,1120000
2020-05-28 12:34:14.237000,1.07793,1.0779,1690000,1570000
2020-05-28 12:34:15.653000,1.07794,1.07791,2810000,1000000
2020-05-28 12:34:18.927000,1.07795,1.07791,1950000,2320000
2020-05-28 12:34:19.029000,1.07796,1.07793,1250000,3760000
2020-05-28 12:34:20.165000,1.07797,1.07794,1250000,6090000
2020-05-28 12:34:20.978000,1.07799,1.07795,1370000,3390000
2020-05-28 12:34:21.079000,1.078,1.07796,5320000,2510000
2020-05-28 12:34:21.180000,1.07801,1.07799,1310000,1000000
2020-05-28 12:34:21.333000,1.07803,1.07801,1250000,1120000
2020-05-28 12:34:21.434000,1.07803,1.07802,1250000,1000000
2020-05-28 12:34:21.737000,1.07803,1.07801,1250000,1570000
2020-05-28 12:34:22.347000,1.07803,1.078,1250000,3190000
2020-05-28 12:34:23.254000,1.07804,1.078,2890000,4000000
2020-05-28 12:34:23.355000,1.07804,1.07801,1950000,1250000
2020-05-28 12:34:23.615000,1.07803,1.07801,1000000,1250000
2020-05-28 12:34:25.416000,1.07804,1.07801,1500000,1250000
2020-05-28 12:34:25.981000,1.07805,1.07802,2810000,1250000
2020-05-28 12:34:26.405000,1.07805,1.07803,1250000,1120000
2020-05-28 12:34:26.507000,1.07806,1.07804,2810000,1000000
2020-05-28 12:34:27.496000,1.07806,1.07802,1200000,2810000
2020-05-28 12:34:27.648000,1.07805,1.07801,1950000,2060000
2020-05-28 12:34:27.900000,1.07804,1.07801,1000000,2060000
2020-05-28 12:34:31.915000,1.07803,1.078,1000000,3000000
2020-05-28 12:34:34.836000,1.07803,1.078,2590000,2060000
2020-05-28 12:34:36.478000,1.07802,1.07799,1500000,3000000
2020-05-28 12:34:36.579000,1.07801,1.07799,1870000,1250000
2020-05-28 12:34:36.680000,1.07801,1.07798,1870000,2870000
2020-05-28 12:34:39.183000,1.078,1.07798,1000000,2120000
2020-05-28 12:34:39.284000,1.07799,1.07798,1000000,1250000
2020-05-28 12:34:39.666000,1.07799,1.07797,1100000,1250000
2020-05-28 12:34:41.995000,1.07798,1.07797,1000000,1250000
2020-05-28 12:34:42.197000,1.07799,1.07797,1870000,1250000
2020-05-28 12:34:42.761000,1.07801,1.07798,3850000,1000000
2020-05-28 12:34:43.013000,1.07801,1.07797,2950000,2060000
2020-05-28 12:34:43.115000,1.07801,1.07797,2950000,2560000
2020-05-28 12:34:46.016000,1.07801,1.07799,1250000,1120000
2020-05-28 12:34:46.119000,1.07803,1.078,1000000,3620000
2020-05-28 12:34:46.221000,1.07804,1.07801,1690000,1250000
2020-05-28 12:34:47.568000,1.07804,1.07801,1250000,2190000
2020-05-28 12:34:48.044000,1.07803,1.07801,1000000,2060000
2020-05-28 12:34:49.016000,1.07803,1.078,2810000,1310000
2020-05-28 12:34:49.394000,1.07803,1.078,3760000,1250000
2020-05-28 12:34:49.495000,1.07803,1.078,2510000,1250000
2020-05-28 12:34:51.851000,1.07802,1.07799,1500000,3620000
2020-05-28 12:34:53.930000,1.07803,1.078,2440000,1510000
2020-05-28 12:34:54.031000,1.07803,1.078,2060000,1310000
2020-05-28 12:34:54.133000,1.07802,1.078,1000000,1310000
2020-05-28 12:34:54.589000,1.07802,1.07798,2810000,3900000
2020-05-28 12:34:54.691000,1.07801,1.07798,1000000,2620000
2020-05-28 12:34:56.553000,1.078,1.07797,2440000,1390000
2020-05-28 12:34:56.655000,1.07799,1.07795,4090000,3620000
2020-05-28 12:34:57.312000,1.07798,1.07795,2520000,2500000
2020-05-28 12:34:57.464000,1.07798,1.07795,3840000,1250000
2020-05-28 12:34:58.356000,1.07798,1.07794,4460000,2120000
2020-05-28 12:34:59.059000,1.07798,1.07795,1120000,1820000
2020-05-28 12:34:59.716000,1.07799,1.07796,1690000,3260000
2020-05-28 12:35:02.280000,1.07798,1.07795,1000000,2120000
2020-05-28 12:35:07.589000,1.07797,1.07795,1500000,1370000
2020-05-28 12:35:07.690000,1.07797,1.07794,1500000,3820000
2020-05-28 12:35:07.792000,1.07795,1.07792,1000000,3070000
2020-05-28 12:35:07.943000,1.07794,1.07792,1000000,1370000
2020-05-28 12:35:08.044000,1.07794,1.07791,1000000,3250000
2020-05-28 12:35:08.146000,1.07792,1.0779,1000000,1310000
2020-05-28 12:35:08.248000,1.07791,1.07789,1000000,2060000
2020-05-28 12:35:08.551000,1.07793,1.07789,3700000,3260000
2020-05-28 12:35:09.175000,1.07793,1.07789,3320000,2940000
2020-05-28 12:35:12.142000,1.07792,1.07789,1250000,3560000
2020-05-28 12:35:14.406000,1.07792,1.07789,1250000,4060000
2020-05-28 12:35:14.911000,1.07792,1.07789,1250000,2810000
2020-05-28 12:35:15.264000,1.07791,1.07789,1250000,1000000
2020-05-28 12:35:15.366000,1.07791,1.07788,1250000,1690000
2020-05-28 12:35:15.467000,1.07789,1.07787,1500000,1250000
2020-05-28 12:35:15.972000,1.0779,1.07787,2140000,1250000
2020-05-28 12:35:18.552000,1.07791,1.07788,2890000,2060000
2020-05-28 12:35:18.653000,1.07791,1.07788,1250000,4590000
2020-05-28 12:35:18.805000,1.07791,1.07788,1250000,4090000
2020-05-28 12:35:19.057000,1.07791,1.07788,1250000,4590000
2020-05-28 12:35:20.373000,1.07792,1.07789,2060000,1870000
2020-05-28 12:35:20.475000,1.07793,1.0779,1000000,4070000
2020-05-28 12:35:20.576000,1.07794,1.07791,2140000,1250000
2020-05-28 12:35:20.930000,1.07793,1.07791,1000000,1250000
2020-05-28 12:35:22.419000,1.07794,1.07791,1690000,1310000
2020-05-28 12:35:33.726000,1.07794,1.07793,1690000,1000000
2020-05-28 12:35:33.777000,1.07796,1.07793,3260000,3560000
2020-05-28 12:35:33.879000,1.07797,1.07794,1690000,2810000
2020-05-28 12:35:33.980000,1.07797,1.07794,1000000,4120000
2020-05-28 12:35:34.283000,1.07795,1.07792,1690000,3840000
2020-05-28 12:35:34.385000,1.07794,1.07791,1000000,3370000
2020-05-28 12:35:35.127000,1.07794,1.07791,2810000,2060000
2020-05-28 12:35:36.978000,1.07793,1.0779,2440000,1690000
2020-05-28 12:35:37.079000,1.07792,1.07789,1000000,3620000
2020-05-28 12:35:37.182000,1.07792,1.07789,2510000,1310000
2020-05-28 12:35:37.385000,1.07791,1.07788,2440000,1250000
2020-05-28 12:35:37.498000,1.0779,1.07788,1000000,1250000
2020-05-28 12:35:37.852000,1.07789,1.07786,1500000,1450000
2020-05-28 12:35:37.953000,1.07788,1.07785,1000000,2870000
2020-05-28 12:35:38.105000,1.07789,1.07786,1100000,5200000
2020-05-28 12:35:38.207000,1.0779,1.07786,2810000,4900000
2020-05-28 12:35:38.661000,1.07789,1.07786,1000000,4150000
2020-05-28 12:35:40.862000,1.0779,1.07787,2440000,1310000
2020-05-28 12:35:42.186000,1.0779,1.07787,1690000,3010000
2020-05-28 12:35:43.484000,1.07792,1.07789,2700000,2510000
2020-05-28 12:35:43.586000,1.07793,1.0779,1690000,2510000
2020-05-28 12:35:44.905000,1.07794,1.07791,1250000,3260000
2020-05-28 12:35:46.570000,1.07795,1.07791,1310000,3150000
2020-05-28 12:35:46.924000,1.07795,1.07791,1310000,3650000
2020-05-28 12:35:47.541000,1.07796,1.07794,1450000,2250000
2020-05-28 12:35:47.642000,1.07798,1.07795,1120000,2810000
2020-05-28 12:35:47.744000,1.07798,1.07795,1000000,3310000
2020-05-28 12:35:47.976000,1.07797,1.07795,1000000,1120000
2020-05-28 12:35:48.077000,1.07798,1.07794,4420000,1120000
2020-05-28 12:35:52.069000,1.07795,1.07792,1250000,1890000
2020-05-28 12:35:52.171000,1.07795,1.07791,1390000,3370000
2020-05-28 12:35:52.272000,1.07794,1.07791,1870000,1750000
2020-05-28 12:35:52.433000,1.07794,1.07791,2060000,1690000
2020-05-28 12:35:52.876000,1.07794,1.0779,4260000,2620000
2020-05-28 12:35:53.028000,1.07792,1.0779,1750000,1120000
2020-05-28 12:35:53.129000,1.07792,1.07789,2120000,1870000
2020-05-28 12:35:55.297000,1.07793,1.07789,3320000,3560000
2020-05-28 12:35:55.399000,1.07793,1.0779,2570000,1000000
2020-05-28 12:35:55.944000,1.07795,1.07792,3250000,1120000
2020-05-28 12:35:56.248000,1.07794,1.07791,2500000,1500000
2020-05-28 12:35:56.967000,1.07794,1.07791,2950000,1120000
2020-05-28 12:35:59.935000,1.07794,1.07791,1750000,2370000
2020-05-28 12:36:00.429000,1.07795,1.07792,3810000,1870000
2020-05-28 12:36:00.530000,1.07795,1.07792,2500000,2370000
2020-05-28 12:36:00.631000,1.07796,1.07793,3620000,1120000
2020-05-28 12:36:00.834000,1.07796,1.07793,1250000,3010000
2020-05-28 12:36:01.821000,1.07796,1.07793,1250000,3560000
2020-05-28 12:36:02.074000,1.07797,1.07794,2270000,1000000
2020-05-28 12:36:02.176000,1.07798,1.07796,2570000,1000000
2020-05-28 12:36:02.278000,1.07799,1.07797,1820000,1000000
2020-05-28 12:36:02.381000,1.078,1.07797,1940000,2820000
2020-05-28 12:36:03.350000,1.078,1.07797,2120000,1870000
2020-05-28 12:36:04.525000,1.078,1.07797,1310000,2810000
2020-05-28 12:36:04.626000,1.07801,1.07798,2120000,1950000
2020-05-28 12:36:04.778000,1.07801,1.07799,2120000,1000000
2020-05-28 12:36:05.311000,1.07801,1.07799,1310000,1000000
2020-05-28 12:36:05.774000,1.07802,1.07799,1870000,1120000
2020-05-28 12:36:09.405000,1.07803,1.07801,2140000,1000000
2020-05-28 12:36:09.506000,1.07804,1.07802,1250000,1000000
2020-05-28 12:36:09.607000,1.07805,1.07802,2060000,1250000
2020-05-28 12:36:09.924000,1.07805,1.07803,1250000,1000000
2020-05-28 12:36:13.416000,1.07806,1.07804,2950000,1000000
2020-05-28 12:36:13.921000,1.07806,1.07803,2950000,1870000
2020-05-28 12:36:14.945000,1.07805,1.07802,1250000,2810000
2020-05-28 12:36:17.361000,1.07806,1.07803,2200000,1000000
2020-05-28 12:36:21.746000,1.07806,1.07803,1250000,3090000
2020-05-28 12:36:22.786000,1.07806,1.07802,1310000,4650000
2020-05-28 12:36:26.697000,1.07805,1.07802,3190000,1390000
2020-05-28 12:36:26.799000,1.07804,1.07801,1690000,1310000
2020-05-28 12:36:27.051000,1.07804,1.07801,4070000,1000000
2020-05-28 12:36:27.153000,1.07804,1.078,4900000,1310000
2020-05-28 12:36:27.305000,1.07804,1.078,2700000,2060000
2020-05-28 12:36:27.675000,1.07804,1.07801,1500000,1870000
2020-05-28 12:36:28.182000,1.07805,1.07801,2890000,3370000
2020-05-28 12:36:28.284000,1.07804,1.07801,1000000,2620000
2020-05-28 12:36:28.686000,1.07804,1.07801,1000000,2370000
2020-05-28 12:36:29.444000,1.07804,1.07802,1000000,2000000
2020-05-28 12:36:30.458000,1.07804,1.07802,1000000,1870000
2020-05-28 12:36:32.636000,1.07803,1.078,1000000,3370000
2020-05-28 12:36:33.508000,1.07804,1.07801,1310000,2060000
2020-05-28 12:36:33.660000,1.07804,1.07801,1390000,2190000
2020-05-28 12:36:35.657000,1.07804,1.07801,1200000,2810000
2020-05-28 12:36:36.221000,1.07804,1.07802,1000000,1000000
2020-05-28 12:36:36.569000,1.07803,1.07801,1000000,2060000
2020-05-28 12:36:38.599000,1.07805,1.07802,2640000,1000000
2020-05-28 12:36:38.700000,1.07805,1.07802,1760000,1000000
2020-05-28 12:36:39.159000,1.07806,1.07804,2510000,1000000
2020-05-28 12:36:40.726000,1.07807,1.07805,1500000,1690000
2020-05-28 12:36:40.878000,1.07808,1.07806,1570000,2690000
2020-05-28 12:36:40.979000,1.07809,1.07807,3500000,1000000
2020-05-28 12:36:41.388000,1.07809,1.07807,1870000,1000000
2020-05-28 12:36:41.700000,1.07809,1.07806,2250000,2810000
2020-05-28 12:36:42.054000,1.07808,1.07806,1000000,1310000
2020-05-28 12:36:42.156000,1.07808,1.07805,4440000,1000000
2020-05-28 12:36:43.115000,1.07807,1.07804,1570000,3260000
2020-05-28 12:36:44.094000,1.07806,1.07803,1000000,3560000
2020-05-28 12:36:44.196000,1.07807,1.07805,1100000,1690000
2020-05-28 12:36:44.297000,1.07808,1.07805,2320000,2060000
2020-05-28 12:36:44.449000,1.07808,1.07805,3090000,1000000
2020-05-28 12:36:45.724000,1.07808,1.07805,2320000,1310000
2020-05-28 12:36:46.778000,1.07808,1.07806,1100000,1000000
2020-05-28 12:36:46.879000,1.07809,1.07807,2320000,1000000
2020-05-28 12:36:48.852000,1.07809,1.07806,2320000,2060000
2020-05-28 12:36:50.799000,1.0781,1.07807,1700000,2060000
2020-05-28 12:36:50.900000,1.07811,1.07808,2620000,2060000
2020-05-28 12:36:51.489000,1.07811,1.07809,2250000,1250000
2020-05-28 12:36:51.742000,1.07811,1.07808,1870000,2810000
2020-05-28 12:36:52.417000,1.07811,1.07808,2450000,2810000
2020-05-28 12:36:53.358000,1.07808,1.07806,1500000,1000000
2020-05-28 12:36:53.460000,1.07806,1.07805,1000000,1250000
2020-05-28 12:36:53.714000,1.07807,1.07805,2320000,1250000
2020-05-28 12:36:57.457000,1.07807,1.07804,3750000,2060000
2020-05-28 12:36:59.955000,1.07808,1.07806,1600000,1310000
2020-05-28 12:37:00.056000,1.07809,1.07807,1100000,1690000
2020-05-28 12:37:00.209000,1.07808,1.07806,1500000,1310000
2020-05-28 12:37:00.312000,1.07807,1.07805,1870000,1250000
2020-05-28 12:37:00.413000,1.07807,1.07804,3200000,1250000
2020-05-28 12:37:00.515000,1.07805,1.07803,1000000,1310000
2020-05-28 12:37:01.095000,1.07805,1.07802,1120000,3260000
2020-05-28 12:37:01.196000,1.07806,1.07803,2450000,1250000
2020-05-28 12:37:01.560000,1.07806,1.07803,2320000,1310000
2020-05-28 12:37:03.323000,1.07805,1.07802,1000000,3310000
2020-05-28 12:37:03.525000,1.07803,1.07801,2250000,1000000
2020-05-28 12:37:03.576000,1.07802,1.078,1000000,1390000
2020-05-28 12:37:03.728000,1.07801,1.07799,1000000,2810000
2020-05-28 12:37:04.824000,1.07801,1.07798,1120000,2060000
2020-05-28 12:37:04.875000,1.07798,1.07797,1000000,1120000
2020-05-28 12:37:04.976000,1.07797,1.07795,1000000,1120000
2020-05-28 12:37:05.179000,1.07796,1.07794,1500000,1120000
2020-05-28 12:37:05.281000,1.07795,1.07792,1120000,2810000
2020-05-28 12:37:07.577000,1.07796,1.07792,3710000,1310000
2020-05-28 12:37:07.904000,1.07796,1.07793,1950000,1690000
2020-05-28 12:37:12.562000,1.07795,1.07793,1000000,1250000
2020-05-28 12:37:17.668000,1.07795,1.07792,1120000,1310000
2020-05-28 12:37:18.926000,1.07796,1.07792,4090000,1250000
2020-05-28 12:37:19.670000,1.07796,1.07792,4590000,1310000
2020-05-28 12:37:19.772000,1.07796,1.07793,2320000,1120000
2020-05-28 12:37:19.873000,1.07797,1.07795,1100000,1690000
2020-05-28 12:37:19.924000,1.07798,1.07795,1200000,2510000
2020-05-28 12:37:20.177000,1.07799,1.07796,1120000,1120000
2020-05-28 12:37:20.736000,1.07799,1.07798,1120000,1250000
2020-05-28 12:37:20.837000,1.078,1.07798,2620000,1250000
2020-05-28 12:37:21.040000,1.07799,1.07798,1000000,1250000
2020-05-28 12:37:21.141000,1.07799,1.07797,1000000,1310000
2020-05-28 12:37:28.086000,1.078,1.07797,2620000,2060000
2020-05-28 12:37:29.296000,1.07801,1.07798,3200000,1690000
2020-05-28 12:37:29.397000,1.07801,1.07799,1870000,1250000
2020-05-28 12:37:30.156000,1.07802,1.07799,1870000,2060000
2020-05-28 12:37:30.258000,1.07804,1.07801,1870000,1690000
2020-05-28 12:37:30.360000,1.07804,1.07801,1500000,2190000
2020-05-28 12:37:30.981000,1.07802,1.078,1000000,2190000
2020-05-28 12:37:31.083000,1.07802,1.078,1500000,1250000
2020-05-28 12:37:33.304000,1.07803,1.07801,1870000,1250000
2020-05-28 12:37:33.759000,1.07802,1.07801,1500000,1310000
2020-05-28 12:37:37.883000,1.07803,1.07801,1570000,1690000
2020-05-28 12:37:38.086000,1.07806,1.07803,5450000,1250000
2020-05-28 12:37:39.398000,1.07805,1.07802,2250000,2810000
2020-05-28 12:37:39.550000,1.07805,1.07803,1570000,1250000
2020-05-28 12:37:39.651000,1.07805,1.07803,1700000,1250000
2020-05-28 12:37:39.753000,1.07805,1.07803,1570000,1250000
2020-05-28 12:37:39.904000,1.07804,1.07803,1000000,1250000
2020-05-28 12:37:40.881000,1.07805,1.07803,1950000,1250000
2020-05-28 12:37:44.255000,1.07804,1.07803,1000000,1250000
2020-05-28 12:37:44.307000,1.07803,1.078,2620000,3260000
2020-05-28 12:37:44.408000,1.07802,1.07799,1570000,2810000
2020-05-28 12:37:45.207000,1.07802,1.07799,2450000,1310000
2020-05-28 12:37:46.235000,1.078,1.07797,1000000,3760000
2020-05-28 12:37:46.336000,1.078,1.07796,4160000,3310000
2020-05-28 12:37:46.438000,1.07799,1.07796,3220000,1250000
2020-05-28 12:37:46.690000,1.07799,1.07796,3070000,1250000
2020-05-28 12:37:46.792000,1.07798,1.07796,1200000,1250000
2020-05-28 12:37:47.145000,1.07798,1.07795,1120000,3560000
2020-05-28 12:37:47.247000,1.07796,1.07794,3220000,1690000
2020-05-28 12:37:47.398000,1.07795,1.07792,1120000,2810000
2020-05-28 12:37:47.500000,1.07796,1.07793,3220000,2060000
2020-05-28 12:37:47.601000,1.07796,1.07793,2320000,2060000
2020-05-28 12:37:48.510000,1.07796,1.07794,1000000,1120000
2020-05-28 12:37:48.612000,1.07797,1.07795,1100000,1690000
2020-05-28 12:37:48.713000,1.07798,1.07795,1500000,2510000
2020-05-28 12:37:48.814000,1.07798,1.07795,2100000,2510000
2020-05-28 12:37:49.353000,1.07798,1.07795,1000000,2510000
2020-05-28 12:37:49.454000,1.078,1.07797,4320000,1250000
2020-05-28 12:37:49.555000,1.078,1.07797,3820000,1250000
2020-05-28 12:37:49.811000,1.07799,1.07797,1600000,1250000
2020-05-28 12:37:50.774000,1.07799,1.07797,1570000,1250000
2020-05-28 12:37:51.128000,1.07799,1.07796,1570000,2620000
2020-05-28 12:37:51.330000,1.078,1.07797,3950000,1000000
2020-05-28 12:37:51.431000,1.078,1.07797,3450000,1000000
2020-05-28 12:37:52.124000,1.07801,1.07797,3070000,3570000
2020-05-28 12:37:53.385000,1.07801,1.07798,1700000,1120000
2020-05-28 12:37:53.489000,1.07801,1.07798,1120000,1120000
2020-05-28 12:37:59.808000,1.07802,1.07798,2510000,3260000
2020-05-28 12:38:01.028000,1.07802,1.078,1310000,1500000
2020-05-28 12:38:01.130000,1.07804,1.07801,3760000,1500000
2020-05-28 12:38:01.231000,1.07803,1.078,1120000,1310000
2020-05-28 12:38:02.472000,1.07804,1.07801,2920000,1250000
2020-05-28 12:38:02.828000,1.07804,1.07801,1870000,2810000
2020-05-28 12:38:03.250000,1.07803,1.07801,1100000,1310000
2020-05-28 12:38:03.351000,1.07803,1.078,2400000,2810000
2020-05-28 12:38:06.132000,1.07802,1.078,1000000,1250000
2020-05-28 12:38:09.531000,1.07803,1.07801,1870000,1250000
2020-05-28 12:38:09.633000,1.07804,1.07801,1950000,2260000
2020-05-28 12:38:09.734000,1.07805,1.07801,2060000,3090000
2020-05-28 12:38:12.630000,1.07804,1.07801,1500000,1690000
2020-05-28 12:38:12.733000,1.07804,1.07801,2720000,2810000
2020-05-28 12:38:12.835000,1.07804,1.07801,1870000,2810000
2020-05-28 12:38:13.176000,1.07804,1.07801,1000000,3310000
2020-05-28 12:38:13.284000,1.07805,1.07802,2620000,1120000
2020-05-28 12:38:16.133000,1.07805,1.07803,1870000,1000000
2020-05-28 12:38:17.472000,1.07806,1.07803,1870000,1690000
2020-05-28 12:38:17.574000,1.07807,1.07805,2250000,1000000
2020-05-28 12:38:17.675000,1.07808,1.07805,2450000,2440000
2020-05-28 12:38:18.080000,1.07807,1.07804,2320000,2810000
2020-05-28 12:38:18.967000,1.07808,1.07806,1500000,1690000
2020-05-28 12:38:19.068000,1.07809,1.07807,2060000,1000000
2020-05-28 12:38:19.170000,1.07808,1.07806,1120000,1500000
2020-05-28 12:38:21.109000,1.07808,1.07805,1870000,2810000
2020-05-28 12:38:22.120000,1.07808,1.07805,2450000,1250000
2020-05-28 12:38:24.584000,1.07808,1.07806,1100000,1250000
2020-05-28 12:38:24.737000,1.07809,1.07807,1950000,1000000
2020-05-28 12:38:24.891000,1.0781,1.07807,1000000,2060000
2020-05-28 12:38:25.093000,1.0781,1.07807,2720000,2060000
2020-05-28 12:38:28.480000,1.0781,1.07807,2700000,2060000
2020-05-28 12:38:30.330000,1.07808,1.07806,1000000,1000000
2020-05-28 12:38:30.431000,1.07807,1.07805,1120000,1000000
2020-05-28 12:38:30.532000,1.07806,1.07804,1120000,1250000
2020-05-28 12:38:30.684000,1.07806,1.07803,1120000,2810000
2020-05-28 12:38:31.156000,1.07807,1.07804,3200000,1690000
2020-05-28 12:38:31.465000,1.07807,1.07804,1870000,2060000
2020-05-28 12:38:32.596000,1.07807,1.07805,1870000,1000000
2020-05-28 12:38:32.697000,1.07807,1.07804,4320000,1250000
2020-05-28 12:38:32.849000,1.07807,1.07803,3390000,2890000
2020-05-28 12:38:34.899000,1.07805,1.07803,1000000,2060000
2020-05-28 12:38:35.922000,1.07806,1.07803,1950000,2060000
2020-05-28 12:38:39.206000,1.07805,1.07802,1000000,4140000
2020-05-28 12:38:39.408000,1.07805,1.07802,1310000,2620000
2020-05-28 12:38:39.610000,1.07804,1.07802,1310000,1000000
2020-05-28 12:38:39.997000,1.07805,1.07802,2810000,1120000
2020-05-28 12:38:43.005000,1.07806,1.07801,5140000,3900000
2020-05-28 12:38:43.925000,1.07803,1.078,2250000,2640000
2020-05-28 12:38:43.976000,1.07802,1.07799,1120000,2060000
2020-05-28 12:38:44.077000,1.078,1.07797,1000000,5400000
2020-05-28 12:38:45.074000,1.078,1.07797,1120000,2060000
2020-05-28 12:38:45.637000,1.07807,1.07806,1120000,1000000
2020-05-28 12:38:45.739000,1.07809,1.07807,1000000,1310000
2020-05-28 12:38:45.840000,1.07811,1.07808,2510000,1120000
2020-05-28 12:38:46.042000,1.07811,1.07808,1690000,1500000
2020-05-28 12:38:46.321000,1.07811,1.07808,1690000,1120000
2020-05-28 12:38:46.498000,1.07811,1.07809,1000000,1250000
2020-05-28 12:38:46.600000,1.07812,1.07809,1120000,1760000
2020-05-28 12:38:46.650000,1.07813,1.07811,1120000,1250000
2020-05-28 12:38:46.752000,1.07814,1.07811,1870000,2060000
2020-05-28 12:38:47.409000,1.07812,1.07811,1000000,1250000
2020-05-28 12:38:47.511000,1.07813,1.07811,1870000,1250000
2020-05-28 12:38:48.580000,1.07814,1.07811,1500000,2810000
2020-05-28 12:38:52.509000,1.07814,1.0781,4090000,3560000
2020-05-28 12:38:52.610000,1.07813,1.0781,1000000,4010000
2020-05-28 12:38:52.712000,1.07811,1.07809,1000000,2140000
2020-05-28 12:38:52.814000,1.0781,1.07807,1500000,2710000
2020-05-28 12:38:53.802000,1.0781,1.07807,1500000,2510000
2020-05-28 12:38:54.422000,1.07808,1.07806,1870000,1310000
2020-05-28 12:38:54.523000,1.07807,1.07806,1500000,1250000
2020-05-28 12:38:54.574000,1.07806,1.07804,1000000,1310000
2020-05-28 12:38:55.288000,1.07805,1.07804,1000000,1310000
2020-05-28 12:38:55.540000,1.07805,1.07803,1000000,1000000
2020-05-28 12:38:55.641000,1.07805,1.07802,1870000,1120000
2020-05-28 12:38:55.743000,1.07805,1.078,3260000,2770000
2020-05-28 12:38:55.845000,1.07804,1.078,1120000,2770000
2020-05-28 12:38:55.946000,1.07805,1.078,4840000,2400000
2020-05-28 12:38:56.099000,1.07804,1.078,1000000,2400000
2020-05-28 12:38:56.455000,1.07803,1.078,1000000,1120000
2020-05-28 12:38:57.147000,1.07802,1.078,1000000,1120000
2020-05-28 12:38:57.802000,1.07803,1.078,1500000,1120000
2020-05-28 12:38:57.853000,1.07804,1.07801,1570000,2070000
2020-05-28 12:38:58.362000,1.07803,1.07801,1000000,1890000
2020-05-28 12:38:58.464000,1.07803,1.078,2870000,1000000
2020-05-28 12:39:00.155000,1.07801,1.07798,1000000,3900000
2020-05-28 12:39:01.122000,1.078,1.07798,1000000,1310000
2020-05-28 12:39:01.225000,1.078,1.07797,2060000,1310000
2020-05-28 12:39:02.655000,1.07799,1.07796,1000000,1950000
2020-05-28 12:39:02.757000,1.07798,1.07795,1500000,1310000
2020-05-28 12:39:02.859000,1.07797,1.07794,1100000,1310000
2020-05-28 12:39:03.331000,1.07796,1.07793,1690000,1620000
2020-05-28 12:39:04.096000,1.07796,1.07793,1310000,1120000
2020-05-28 12:39:04.780000,1.07796,1.07794,1120000,1000000
2020-05-28 12:39:04.881000,1.07796,1.07793,1120000,1460000
2020-05-28 12:39:06.098000,1.07796,1.07793,1000000,2640000
2020-05-28 12:39:10.167000,1.07796,1.07793,2060000,1870000
2020-05-28 12:39:10.268000,1.07795,1.07793,1000000,1120000
2020-05-28 12:39:13.196000,1.07795,1.07792,1120000,2140000
2020-05-28 12:39:15.077000,1.07796,1.07794,2060000,1000000
2020-05-28 12:39:17.693000,1.07797,1.07794,1950000,2510000
2020-05-28 12:39:17.795000,1.07798,1.07795,3450000,1120000
2020-05-28 12:39:17.896000,1.07798,1.07794,3470000,3010000
2020-05-28 12:39:18.147000,1.07796,1.07793,1500000,4510000
2020-05-28 12:39:18.657000,1.07796,1.07793,1120000,1120000
2020-05-28 12:39:18.911000,1.07795,1.07792,1000000,3120000
2020-05-28 12:39:19.329000,1.07795,1.07792,1870000,1120000
2020-05-28 12:39:20.007000,1.07795,1.07792,4510000,1000000
2020-05-28 12:39:20.108000,1.07794,1.07791,1120000,1120000
2020-05-28 12:39:20.361000,1.07794,1.07791,1000000,1770000
2020-05-28 12:39:22.014000,1.07795,1.07792,2620000,1120000
2020-05-28 12:39:22.729000,1.07795,1.07791,3190000,2320000
2020-05-28 12:39:22.831000,1.07794,1.07791,1870000,1570000
2020-05-28 12:39:22.932000,1.07792,1.0779,1250000,1000000
2020-05-28 12:39:23.035000,1.07791,1.07789,1000000,1690000
2020-05-28 12:39:23.137000,1.07791,1.07788,1000000,1540000
2020-05-28 12:39:23.466000,1.0779,1.07788,1000000,1310000
2020-05-28 12:39:23.617000,1.07789,1.07786,1500000,3900000
2020-05-28 12:39:28.499000,1.0779,1.07788,1120000,1000000
2020-05-28 12:39:28.602000,1.07792,1.0779,3720000,1000000
2020-05-28 12:39:28.703000,1.07792,1.0779,2060000,1000000
2020-05-28 12:39:28.805000,1.07791,1.0779,1000000,1000000
2020-05-28 12:39:29.162000,1.07792,1.07791,1120000,1000000
2020-05-28 12:39:29.264000,1.07794,1.07791,1810000,1200000
2020-05-28 12:39:29.366000,1.07794,1.07791,1310000,2320000
2020-05-28 12:39:29.468000,1.07795,1.07792,2200000,1120000
2020-05-28 12:39:30.411000,1.07794,1.07791,1310000,4310000
2020-05-28 12:39:30.795000,1.07794,1.07792,1120000,1000000
2020-05-28 12:39:30.896000,1.07793,1.0779,2810000,1870000
2020-05-28 12:39:30.997000,1.07792,1.0779,1120000,1000000
2020-05-28 12:39:31.430000,1.07791,1.07789,1000000,2810000
2020-05-28 12:39:31.632000,1.0779,1.07789,1000000,1870000
2020-05-28 12:39:32.047000,1.0779,1.07788,1000000,2810000
2020-05-28 12:39:33.284000,1.07791,1.07788,2810000,2620000
2020-05-28 12:39:37.438000,1.07792,1.07789,1120000,3260000
2020-05-28 12:39:37.540000,1.07794,1.0779,2510000,4950000
2020-05-28 12:39:37.692000,1.07794,1.07791,1250000,3840000
2020-05-28 12:39:38.046000,1.07791,1.07789,2120000,1500000
2020-05-28 12:39:38.097000,1.07788,1.07787,1000000,1200000
2020-05-28 12:39:38.199000,1.07785,1.07784,1000000,1200000
2020-05-28 12:39:38.300000,1.07784,1.07781,2560000,1690000
2020-05-28 12:39:38.402000,1.07783,1.0778,2370000,1750000
2020-05-28 12:39:38.503000,1.07782,1.0778,2370000,1250000
2020-05-28 12:39:38.810000,1.07782,1.0778,1870000,1250000
2020-05-28 12:39:40.387000,1.07783,1.07781,1890000,1000000
2020-05-28 12:39:40.539000,1.07783,1.07781,1250000,1000000
2020-05-28 12:39:40.691000,1.07783,1.0778,1250000,2440000
2020-05-28 12:39:41.002000,1.07783,1.0778,1000000,4870000
2020-05-28 12:39:41.103000,1.07784,1.07781,1250000,3310000
2020-05-28 12:39:42.088000,1.07786,1.07784,2640000,1000000
2020-05-28 12:39:42.190000,1.07787,1.07784,2120000,1870000
2020-05-28 12:39:42.291000,1.07787,1.07784,1250000,2560000
2020-05-28 12:39:43.331000,1.07789,1.07787,2720000,1120000
2020-05-28 12:39:43.482000,1.0779,1.07787,2250000,1120000
2020-05-28 12:39:44.076000,1.0779,1.07787,1690000,1700000
2020-05-28 12:39:44.807000,1.0779,1.07789,1250000,1000000
2020-05-28 12:39:45.796000,1.07792,1.07789,2060000,2620000
2020-05-28 12:39:45.898000,1.07792,1.0779,1250000,1870000
2020-05-28 12:39:46,1.07793,1.0779,2060000,2060000
2020-05-28 12:39:47.128000,1.07793,1.0779,1200000,3620000
2020-05-28 12:39:47.935000,1.07795,1.07792,3290000,1310000
2020-05-28 12:39:48.038000,1.07795,1.07792,1310000,2060000
2020-05-28 12:39:48.140000,1.07794,1.07791,1250000,3310000
2020-05-28 12:39:48.242000,1.07794,1.07791,1310000,2890000
2020-05-28 12:39:49.571000,1.07794,1.07791,1250000,4140000
2020-05-28 12:39:49.824000,1.07794,1.07791,1310000,3820000
2020-05-28 12:39:51.095000,1.07795,1.07792,1310000,1310000
2020-05-28 12:39:51.196000,1.07795,1.07793,1310000,1000000
2020-05-28 12:39:51.356000,1.07795,1.07792,1310000,2060000
2020-05-28 12:39:51.457000,1.07794,1.07792,1000000,1310000
2020-05-28 12:39:51.559000,1.07794,1.07791,1750000,1690000
2020-05-28 12:39:51.660000,1.07793,1.0779,1500000,1500000
2020-05-28 12:39:52.368000,1.07793,1.07791,1120000,1000000
2020-05-28 12:39:52.470000,1.07794,1.07792,2190000,1000000
2020-05-28 12:39:52.571000,1.07794,1.07792,1310000,1000000
2020-05-28 12:39:52.673000,1.07794,1.07791,2060000,1760000
2020-05-28 12:39:53.178000,1.07793,1.0779,2560000,1690000
2020-05-28 12:39:54.184000,1.07793,1.0779,2060000,2140000
2020-05-28 12:39:54.793000,1.07793,1.07791,2060000,1000000
2020-05-28 12:39:55.825000,1.07791,1.07789,1000000,1690000
2020-05-28 12:39:55.977000,1.07792,1.07789,2060000,1760000
2020-05-28 12:39:56.331000,1.07793,1.0779,2890000,1690000
2020-05-28 12:39:56.432000,1.07794,1.07792,1370000,1000000
2020-05-28 12:39:56.534000,1.07795,1.07792,5720000,1000000
2020-05-28 12:39:56.949000,1.07793,1.07791,1310000,1000000
2020-05-28 12:39:57.051000,1.07793,1.07791,1810000,1000000
2020-05-28 12:39:57.405000,1.07793,1.07791,1250000,1000000
2020-05-28 12:39:58.243000,1.07793,1.07792,1100000,1000000
2020-05-28 12:39:58.344000,1.07793,1.07791,1000000,1690000
2020-05-28 12:39:59.295000,1.07794,1.07792,2560000,1000000
2020-05-28 12:40:00.238000,1.07796,1.07793,3570000,3250000
2020-05-28 12:40:00.340000,1.07797,1.07794,2560000,1250000
2020-05-28 12:40:00.442000,1.07799,1.07796,2140000,1310000
2020-05-28 12:40:00.644000,1.07799,1.07797,1250000,1000000
2020-05-28 12:40:00.746000,1.078,1.07797,1690000,2140000
2020-05-28 12:40:03.680000,1.07799,1.07796,1000000,2870000
2020-05-28 12:40:03.781000,1.078,1.07797,2060000,1250000
2020-05-28 12:40:03.983000,1.07801,1.07798,2870000,1000000
2020-05-28 12:40:05.164000,1.078,1.07796,2060000,3620000
2020-05-28 12:40:05.536000,1.07799,1.07796,1000000,4370000
2020-05-28 12:40:06.618000,1.07799,1.07796,1310000,2060000
2020-05-28 12:40:07.099000,1.07797,1.07795,1120000,1000000
2020-05-28 12:40:07.200000,1.07797,1.07794,1310000,2060000
2020-05-28 12:40:07.302000,1.07797,1.07795,1310000,1000000
2020-05-28 12:40:09.357000,1.07798,1.07797,1250000,1000000
2020-05-28 12:40:09.459000,1.07801,1.07798,1350000,2810000
2020-05-28 12:40:09.561000,1.07803,1.07801,1310000,1000000
2020-05-28 12:40:09.663000,1.07803,1.07802,1250000,1000000
2020-05-28 12:40:10.118000,1.07805,1.07803,2310000,1000000
2020-05-28 12:40:10.443000,1.07805,1.07803,1310000,1000000
2020-05-28 12:40:10.601000,1.07805,1.07802,1310000,1760000
2020-05-28 12:40:15.733000,1.07805,1.07802,3550000,1500000
2020-05-28 12:40:15.783000,1.07803,1.07801,2640000,1000000
2020-05-28 12:40:15.986000,1.07802,1.078,1120000,1250000
2020-05-28 12:40:16.373000,1.07802,1.07799,2340000,1690000
2020-05-28 12:40:17.397000,1.07802,1.07799,1390000,1310000
2020-05-28 12:40:17.654000,1.07803,1.078,2450000,1500000
2020-05-28 12:40:17.755000,1.07803,1.078,1100000,4120000
2020-05-28 12:40:20.345000,1.07804,1.07801,1700000,1000000
2020-05-28 12:40:20.699000,1.07805,1.07802,2440000,1250000
2020-05-28 12:40:20.750000,1.07806,1.07804,3700000,1000000
2020-05-28 12:40:20.902000,1.07807,1.07805,1390000,1000000
2020-05-28 12:40:21.104000,1.07807,1.07804,1250000,2060000
2020-05-28 12:40:21.306000,1.07806,1.07803,1310000,1870000
2020-05-28 12:40:21.458000,1.07807,1.07804,2640000,1000000
2020-05-28 12:40:21.560000,1.07809,1.07805,3520000,3000000
2020-05-28 12:40:21.611000,1.07809,1.07807,1200000,1000000
2020-05-28 12:40:21.712000,1.0781,1.07808,1870000,1000000
2020-05-28 12:40:21.864000,1.07809,1.07807,1000000,1100000
2020-05-28 12:40:22.609000,1.07808,1.07805,1250000,1890000
2020-05-28 12:40:22.710000,1.07807,1.07804,1750000,1690000
2020-05-28 12:40:27.407000,1.07805,1.07803,4690000,1000000
2020-05-28 12:40:27.508000,1.07804,1.07801,2520000,1750000
2020-05-28 12:40:28.601000,1.07803,1.07801,1700000,1250000
2020-05-28 12:40:29.596000,1.07803,1.07801,1270000,1250000
2020-05-28 12:40:29.771000,1.07802,1.078,1000000,1370000
2020-05-28 12:40:32.610000,1.07803,1.078,1650000,2500000
2020-05-28 12:40:36.609000,1.07803,1.078,4020000,1250000
2020-05-28 12:40:36.711000,1.07802,1.07799,1570000,2120000
2020-05-28 12:40:36.862000,1.07801,1.07799,1120000,1250000
2020-05-28 12:40:37.420000,1.07801,1.07798,1570000,2870000
2020-05-28 12:40:37.875000,1.07801,1.07798,3200000,1750000
2020-05-28 12:40:38.919000,1.07801,1.07798,3150000,1250000
2020-05-28 12:40:39.403000,1.078,1.07798,1500000,1250000
2020-05-28 12:40:39.454000,1.07798,1.07796,3640000,1200000
2020-05-28 12:40:39.555000,1.07796,1.07794,1000000,1250000
2020-05-28 12:40:39.656000,1.07796,1.07793,1000000,3770000
2020-05-28 12:40:39.758000,1.07798,1.07794,5420000,2140000
2020-05-28 12:40:40.645000,1.07796,1.07794,1250000,1000000
2020-05-28 12:40:41.446000,1.07796,1.07793,1250000,3150000
2020-05-28 12:40:41.652000,1.07795,1.07793,2810000,1000000
2020-05-28 12:40:41.702000,1.07794,1.07791,2620000,2140000
2020-05-28 12:40:41.804000,1.07793,1.07791,2060000,1000000
2020-05-28 12:40:42.006000,1.07794,1.07791,2890000,1500000
2020-05-28 12:40:42.158000,1.07794,1.07792,1120000,1000000
2020-05-28 12:40:42.564000,1.07795,1.07792,3190000,1870000
2020-05-28 12:40:43.120000,1.07794,1.07791,2400000,2440000
2020-05-28 12:40:43.222000,1.07793,1.07791,2590000,1000000
2020-05-28 12:40:43.323000,1.07792,1.07789,1570000,2120000
2020-05-28 12:40:43.475000,1.07792,1.07789,3090000,1250000
2020-05-28 12:40:43.627000,1.07791,1.07788,1200000,1000000
2020-05-28 12:40:45.008000,1.07789,1.07786,1000000,3200000
2020-05-28 12:40:46.004000,1.07789,1.07786,1870000,2620000
2020-05-28 12:40:46.322000,1.07789,1.07787,1120000,1000000
2020-05-28 12:40:47.086000,1.0779,1.07787,2250000,1500000
2020-05-28 12:40:50.236000,1.07789,1.07787,1000000,1000000
2020-05-28 12:40:50.615000,1.07786,1.07785,1000000,1570000
2020-05-28 12:40:50.717000,1.07786,1.07784,2250000,1220000
2020-05-28 12:40:50.768000,1.07786,1.07782,3940000,4390000
2020-05-28 12:40:50.870000,1.07785,1.07782,1570000,3190000
2020-05-28 12:40:55.173000,1.07784,1.07781,1200000,4760000
2020-05-28 12:40:56.317000,1.07783,1.0778,1310000,1460000
2020-05-28 12:40:56.419000,1.07782,1.07779,1000000,5450000
2020-05-28 12:40:59.329000,1.07784,1.0778,5400000,1760000
2020-05-28 12:41:01.055000,1.07784,1.07781,4570000,1000000
2020-05-28 12:41:02.222000,1.07784,1.0778,4570000,2890000
2020-05-28 12:41:02.324000,1.07785,1.07784,1570000,1000000
2020-05-28 12:41:02.426000,1.07786,1.07783,1950000,2060000
2020-05-28 12:41:03.265000,1.07785,1.07783,1250000,1120000
2020-05-28 12:41:03.367000,1.07784,1.07782,1690000,1120000
2020-05-28 12:41:06.129000,1.07784,1.07783,1000000,1000000
2020-05-28 12:41:07.134000,1.07785,1.07783,2140000,1000000
2020-05-28 12:41:08.950000,1.07785,1.07782,2140000,1870000
2020-05-28 12:41:12.330000,1.07785,1.07782,2640000,1500000
2020-05-28 12:41:12.534000,1.07783,1.07782,1000000,1000000
2020-05-28 12:41:12.905000,1.07783,1.07781,1120000,1000000
2020-05-28 12:41:13.006000,1.07783,1.0778,1950000,2320000
2020-05-28 12:41:13.259000,1.07781,1.07779,1120000,1000000
2020-05-28 12:41:13.664000,1.07781,1.07778,1950000,2810000
2020-05-28 12:41:14.094000,1.07781,1.07779,1120000,1000000
2020-05-28 12:41:14.195000,1.07782,1.0778,1000000,1390000
2020-05-28 12:41:14.246000,1.07784,1.07781,3640000,1390000
2020-05-28 12:41:15.255000,1.07784,1.07781,1250000,3090000
2020-05-28 12:41:16.304000,1.07784,1.07781,1250000,1460000
2020-05-28 12:41:17.173000,1.07784,1.07781,1250000,2740000
2020-05-28 12:41:18.461000,1.07783,1.07781,1000000,1760000
2020-05-28 12:41:18.614000,1.07782,1.0778,1000000,1120000
2020-05-28 12:41:18.816000,1.07781,1.07779,1000000,1310000
2020-05-28 12:41:19.390000,1.0778,1.07779,1000000,1310000
2020-05-28 12:41:19.898000,1.07781,1.07779,1250000,1000000
2020-05-28 12:41:20,1.07782,1.0778,1310000,1000000
2020-05-28 12:41:21.664000,1.07783,1.07781,1000000,1010000
2020-05-28 12:41:21.967000,1.07781,1.07778,2140000,2140000
2020-05-28 12:41:22.069000,1.0778,1.07777,1000000,4200000
2020-05-28 12:41:22.221000,1.07779,1.07776,1000000,3450000
2020-05-28 12:41:22.322000,1.0778,1.07776,2810000,3470000
2020-05-28 12:41:22.599000,1.0778,1.07777,1000000,3820000
2020-05-28 12:41:23.625000,1.0778,1.07777,1250000,2510000
2020-05-28 12:41:23.814000,1.0778,1.07778,1250000,1000000
2020-05-28 12:41:24.266000,1.07779,1.07777,1250000,1120000
2020-05-28 12:41:24.886000,1.0778,1.07777,2060000,1760000
2020-05-28 12:41:26.263000,1.0778,1.07776,2510000,1200000
2020-05-28 12:41:26.415000,1.0778,1.07776,2440000,2200000
2020-05-28 12:41:26.594000,1.07779,1.07776,1000000,2720000
2020-05-28 12:41:29.592000,1.07778,1.07776,1000000,1760000
2020-05-28 12:41:29.693000,1.07779,1.07776,1690000,1310000
2020-05-28 12:41:29.895000,1.07778,1.07776,1000000,1760000
2020-05-28 12:41:30.619000,1.07778,1.07775,1310000,1310000
2020-05-28 12:41:31.937000,1.07778,1.07775,1120000,2120000
2020-05-28 12:41:32.089000,1.07778,1.07776,1120000,1750000
2020-05-28 12:41:35.530000,1.07779,1.07776,1870000,3400000
2020-05-28 12:41:39.274000,1.0778,1.07778,2810000,1000000
2020-05-28 12:41:39.476000,1.07779,1.07777,1120000,1690000
2020-05-28 12:41:40.233000,1.07778,1.07776,1000000,2500000
2020-05-28 12:41:44.137000,1.07777,1.07775,1000000,2310000
2020-05-28 12:41:44.390000,1.07776,1.07774,2620000,1250000
2020-05-28 12:41:44.441000,1.07774,1.07772,1200000,3190000
2020-05-28 12:41:44.542000,1.07774,1.07772,1000000,2140000
2020-05-28 12:41:44.593000,1.07775,1.07772,2810000,2060000
2020-05-28 12:41:44.896000,1.07775,1.07772,2660000,1310000
2020-05-28 12:41:45.048000,1.07775,1.07772,2510000,1310000
2020-05-28 12:41:45.200000,1.07775,1.07773,1310000,1000000
2020-05-28 12:41:46.561000,1.07776,1.07773,2510000,2060000
2020-05-28 12:41:47.248000,1.07774,1.07772,1000000,3760000
2020-05-28 12:41:47.400000,1.07773,1.07772,1000000,1500000
2020-05-28 12:41:47.501000,1.07773,1.07771,1000000,2810000
2020-05-28 12:41:47.603000,1.07771,1.07769,1500000,4070000
2020-05-28 12:41:47.704000,1.0777,1.07766,1620000,3260000
2020-05-28 12:41:47.805000,1.0777,1.07767,2820000,1000000
2020-05-28 12:41:47.907000,1.0777,1.07767,1870000,1000000
2020-05-28 12:41:48.462000,1.0777,1.07767,1500000,3760000
2020-05-28 12:41:48.866000,1.07771,1.07769,1000000,3250000
2020-05-28 12:41:48.967000,1.07772,1.0777,1870000,1250000
2020-05-28 12:41:49.509000,1.07773,1.0777,1870000,3560000
2020-05-28 12:41:49.611000,1.07774,1.07772,1000000,1120000
2020-05-28 12:41:50.871000,1.07775,1.07772,2060000,1120000
2020-05-28 12:41:53.212000,1.07774,1.07771,1000000,3640000
2020-05-28 12:41:54.096000,1.07772,1.0777,1000000,3270000
2020-05-28 12:41:54.197000,1.07772,1.07769,1500000,3390000
2020-05-28 12:41:54.450000,1.07772,1.07769,2370000,1690000
2020-05-28 12:41:54.855000,1.07771,1.07768,3260000,1870000
2020-05-28 12:41:55.533000,1.0777,1.07768,1500000,1000000
2020-05-28 12:41:55.685000,1.0777,1.07767,3190000,1120000
2020-05-28 12:41:55.786000,1.0777,1.07766,4140000,2140000
2020-05-28 12:41:55.888000,1.07771,1.07769,1870000,1690000
2020-05-28 12:41:56.191000,1.07772,1.0777,1310000,1000000
2020-05-28 12:41:56.293000,1.07774,1.07771,3320000,3070000
2020-05-28 12:41:56.394000,1.07774,1.07772,1250000,3450000
2020-05-28 12:41:56.496000,1.07775,1.07774,1250000,1000000
2020-05-28 12:41:56.597000,1.07777,1.07774,4450000,1950000
2020-05-28 12:41:56.749000,1.07777,1.07774,2620000,2570000
2020-05-28 12:41:56.961000,1.07776,1.07774,1000000,1370000
2020-05-28 12:41:57.063000,1.07776,1.07773,1000000,3370000
2020-05-28 12:41:57.164000,1.07775,1.07773,1000000,3370000
2020-05-28 12:42:00.013000,1.07776,1.07773,1870000,4070000
2020-05-28 12:42:00.577000,1.07775,1.07772,1500000,4200000
2020-05-28 12:42:00.830000,1.07775,1.07773,1000000,1370000
2020-05-28 12:42:01.754000,1.07775,1.07772,1690000,3690000
2020-05-28 12:42:02.573000,1.07775,1.07772,2060000,3560000
2020-05-28 12:42:04.081000,1.07774,1.07772,1500000,2140000
2020-05-28 12:42:04.435000,1.07776,1.07773,3760000,2060000
2020-05-28 12:42:04.586000,1.07776,1.07773,2810000,2140000
2020-05-28 12:42:09.424000,1.07775,1.07772,1690000,3640000
2020-05-28 12:42:09.525000,1.07774,1.07772,1000000,2060000
2020-05-28 12:42:10.667000,1.07773,1.07771,1250000,1120000
2020-05-28 12:42:10.769000,1.07772,1.0777,1120000,1690000
2020-05-28 12:42:10.870000,1.07772,1.07769,3760000,1000000
2020-05-28 12:42:11.477000,1.0777,1.07767,1690000,1310000
2020-05-28 12:42:11.679000,1.0777,1.07767,2250000,2120000
2020-05-28 12:42:14.093000,1.0777,1.07767,4010000,1310000
2020-05-28 12:42:15.103000,1.0777,1.07767,4320000,1250000
2020-05-28 12:42:15.204000,1.0777,1.07767,2620000,2060000
2020-05-28 12:42:17.192000,1.07769,1.07767,1570000,1000000
2020-05-28 12:42:17.293000,1.07768,1.07766,1870000,1010000
2020-05-28 12:42:18.686000,1.0777,1.07767,2060000,1120000
2020-05-28 12:42:18.838000,1.07771,1.07768,1870000,1310000
2020-05-28 12:42:18.939000,1.07771,1.07769,1000000,1310000
2020-05-28 12:42:20.009000,1.0777,1.07768,1310000,1000000
2020-05-28 12:42:20.110000,1.0777,1.07767,3260000,2060000
2020-05-28 12:42:24.486000,1.0777,1.07768,1120000,1000000
2020-05-28 12:42:24.588000,1.07772,1.0777,2640000,1000000
2020-05-28 12:42:25.122000,1.07772,1.07769,3310000,1690000
2020-05-28 12:42:25.274000,1.07771,1.07768,3070000,1120000
2020-05-28 12:42:26.112000,1.07771,1.07769,1870000,1250000
2020-05-28 12:42:30.886000,1.07772,1.07769,3260000,2060000
2020-05-28 12:42:30.987000,1.07773,1.07771,1200000,1250000
2020-05-28 12:42:31.341000,1.07774,1.07771,2060000,2060000
2020-05-28 12:42:31.933000,1.07775,1.07771,4150000,2560000
2020-05-28 12:42:32.893000,1.07775,1.07773,1120000,1000000
2020-05-28 12:42:32.995000,1.07776,1.07773,2890000,2440000
2020-05-28 12:42:33.096000,1.07776,1.07773,3860000,2440000
2020-05-28 12:42:33.198000,1.07775,1.07772,2210000,2440000
2020-05-28 12:42:33.300000,1.07775,1.07772,1120000,3250000
2020-05-28 12:42:33.759000,1.07774,1.07772,1000000,3700000
2020-05-28 12:42:33.861000,1.07775,1.07772,2060000,1690000
2020-05-28 12:42:33.963000,1.07775,1.07772,1120000,3250000
2020-05-28 12:42:34.216000,1.07775,1.07772,2060000,2440000
2020-05-28 12:42:34.317000,1.07774,1.07772,1000000,1690000
2020-05-28 12:42:35.750000,1.07774,1.07772,1000000,2200000
2020-05-28 12:42:36.689000,1.07775,1.07772,1390000,2440000
2020-05-28 12:42:36.790000,1.07774,1.07771,1570000,1750000
2020-05-28 12:42:36.892000,1.07772,1.0777,1120000,2200000
2020-05-28 12:42:36.993000,1.07772,1.0777,1570000,1250000
2020-05-28 12:42:37.245000,1.07772,1.0777,2640000,1000000
2020-05-28 12:42:38.216000,1.07772,1.07769,2640000,1250000
2020-05-28 12:42:39.870000,1.07771,1.07768,1120000,1870000
2020-05-28 12:42:40.704000,1.07771,1.07769,1120000,1690000
2020-05-28 12:42:43.226000,1.07771,1.0777,1000000,1000000
2020-05-28 12:42:43.278000,1.07773,1.07771,1120000,1250000
2020-05-28 12:42:43.380000,1.07774,1.07771,2320000,1690000
2020-05-28 12:42:43.888000,1.07774,1.07772,1000000,1250000
2020-05-28 12:42:45.401000,1.07775,1.07772,2320000,2440000
2020-05-28 12:42:45.502000,1.07775,1.07772,1570000,2870000
2020-05-28 12:42:46.216000,1.07776,1.07774,1310000,1000000
2020-05-28 12:42:46.520000,1.07777,1.07775,1750000,1000000
2020-05-28 12:42:46.621000,1.07778,1.07775,2870000,1120000
2020-05-28 12:42:46.722000,1.07778,1.07776,1750000,1120000
2020-05-28 12:42:46.975000,1.07778,1.07776,1000000,1120000
2020-05-28 12:42:48.372000,1.07777,1.07775,1100000,1000000
2020-05-28 12:42:50.226000,1.07778,1.07776,3320000,1000000
2020-05-28 12:42:50.327000,1.07778,1.07776,1000000,2060000
2020-05-28 12:42:50.632000,1.07779,1.07776,3260000,2810000
2020-05-28 12:42:52.283000,1.07779,1.07776,3010000,2440000
2020-05-28 12:42:55.299000,1.07779,1.07776,2510000,2440000
2020-05-28 12:42:55.803000,1.0778,1.07777,3010000,2810000
2020-05-28 12:42:55.905000,1.0778,1.07777,1760000,3260000
2020-05-28 12:42:58.305000,1.07779,1.07776,1760000,4320000
2020-05-28 12:42:58.406000,1.07778,1.07776,1100000,1250000
2020-05-28 12:42:58.609000,1.07778,1.07775,1010000,1310000
2020-05-28 12:42:59.064000,1.07778,1.07774,3320000,3690000
2020-05-28 12:42:59.418000,1.07778,1.07774,3820000,3560000
2020-05-28 12:42:59.721000,1.07778,1.07775,3010000,1250000
2020-05-28 12:43:00.896000,1.07778,1.07775,2060000,2810000
2020-05-28 12:43:00.997000,1.07778,1.07776,1120000,1690000
2020-05-28 12:43:01.098000,1.07779,1.07776,1250000,2440000
2020-05-28 12:43:02.195000,1.07779,1.07776,3010000,1250000
2020-05-28 12:43:02.498000,1.07779,1.07775,4570000,3260000
2020-05-28 12:43:03.208000,1.07778,1.07775,2260000,2440000
2020-05-28 12:43:04.357000,1.07777,1.07774,2510000,2810000
2020-05-28 12:43:06.085000,1.07775,1.07773,1000000,1120000
2020-05-28 12:43:06.186000,1.07775,1.07772,2370000,2070000
2020-05-28 12:43:06.237000,1.07774,1.07771,2820000,3070000
2020-05-28 12:43:06.389000,1.07774,1.07771,2820000,2870000
2020-05-28 12:43:06.490000,1.07774,1.07771,3760000,1690000
2020-05-28 12:43:06.617000,1.07774,1.07772,1500000,1250000
2020-05-28 12:43:06.979000,1.07774,1.07771,1500000,3700000
2020-05-28 12:43:09.802000,1.07775,1.07773,2060000,1000000
2020-05-28 12:43:09.904000,1.07775,1.07772,2890000,1760000
2020-05-28 12:43:10.005000,1.07774,1.07771,1000000,3620000
2020-05-28 12:43:10.731000,1.07775,1.07772,2510000,1250000
2020-05-28 12:43:11.229000,1.07774,1.07772,1100000,1250000
2020-05-28 12:43:13.652000,1.07773,1.0777,2190000,3640000
2020-05-28 12:43:15.808000,1.07773,1.07771,1250000,1000000
2020-05-28 12:43:15.909000,1.07774,1.07771,1250000,1690000
2020-05-28 12:43:16.011000,1.07775,1.07773,2870000,1000000
2020-05-28 12:43:16.113000,1.07776,1.07773,2410000,3000000
2020-05-28 12:43:16.216000,1.07777,1.07774,2890000,1690000
2020-05-28 12:43:17.420000,1.07777,1.07775,1120000,1250000
2020-05-28 12:43:17.521000,1.07778,1.07776,2060000,1000000
2020-05-28 12:43:17.623000,1.0778,1.07776,4200000,3390000
2020-05-28 12:43:17.724000,1.07779,1.07776,1760000,3260000
2020-05-28 12:43:17.825000,1.07779,1.07777,1010000,1000000
2020-05-28 12:43:18.607000,1.07779,1.07777,1350000,1000000
2020-05-28 12:43:18.810000,1.0778,1.07777,3820000,1000000
2020-05-28 12:43:18.912000,1.07779,1.07778,1310000,1000000
2020-05-28 12:43:19.591000,1.0778,1.07779,1250000,1000000
2020-05-28 12:43:19.692000,1.07781,1.07779,2120000,1000000
2020-05-28 12:43:19.844000,1.0778,1.07778,1250000,1870000
2020-05-28 12:43:19.945000,1.0778,1.07778,1750000,1500000
2020-05-28 12:43:20.046000,1.0778,1.07779,1250000,1500000
2020-05-28 12:43:20.510000,1.07782,1.0778,2820000,1000000
2020-05-28 12:43:20.662000,1.07781,1.07779,1370000,2700000
2020-05-28 12:43:23.248000,1.07782,1.0778,2060000,1000000
2020-05-28 12:43:26.632000,1.07781,1.07779,1310000,1000000
2020-05-28 12:43:26.877000,1.07782,1.0778,2560000,1000000
2020-05-28 12:43:27.606000,1.07782,1.0778,2510000,1000000
2020-05-28 12:43:33.192000,1.07783,1.0778,2060000,3640000
2020-05-28 12:43:33.293000,1.07783,1.07781,1000000,2060000
2020-05-28 12:43:34,1.07783,1.0778,2060000,3190000
2020-05-28 12:43:35.082000,1.07783,1.0778,2190000,2960000
2020-05-28 12:43:36.078000,1.07783,1.0778,2060000,3710000
2020-05-28 12:43:37.066000,1.07783,1.0778,2560000,3340000
2020-05-28 12:43:37.237000,1.07784,1.07781,2060000,2810000
2020-05-28 12:43:37.288000,1.07784,1.07783,1310000,1000000
2020-05-28 12:43:37.693000,1.07785,1.07783,1310000,1000000
2020-05-28 12:43:38.230000,1.07786,1.07784,1120000,1690000
2020-05-28 12:43:38.332000,1.07787,1.07784,2060000,4390000
2020-05-28 12:43:39.742000,1.07788,1.07785,3370000,1000000
2020-05-28 12:43:40.038000,1.07787,1.07784,1310000,4010000
2020-05-28 12:43:40.140000,1.07788,1.07785,3370000,1000000
2020-05-28 12:43:46.603000,1.07787,1.07784,2060000,2060000
2020-05-28 12:43:47.916000,1.07784,1.07783,2440000,1000000
2020-05-28 12:43:48.017000,1.07784,1.07781,3310000,1000000
2020-05-28 12:43:48.321000,1.07784,1.07781,2060000,1500000
2020-05-28 12:43:49.319000,1.07784,1.07782,2810000,1000000
2020-05-28 12:43:49.420000,1.07784,1.07781,1620000,1000000
2020-05-28 12:43:49.522000,1.07784,1.07781,1120000,2320000
2020-05-28 12:43:49.776000,1.07784,1.07782,1120000,1000000
2020-05-28 12:43:49.878000,1.07784,1.07781,1000000,2700000
2020-05-28 12:43:50.185000,1.07785,1.07782,2810000,1000000
2020-05-28 12:43:52.256000,1.07784,1.07781,1000000,2700000
2020-05-28 12:43:52.508000,1.07784,1.07782,1120000,1000000
2020-05-28 12:43:55.517000,1.07784,1.07783,1000000,1000000
2020-05-28 12:43:55.572000,1.07786,1.07784,1000000,1000000
2020-05-28 12:43:55.674000,1.07787,1.07785,1000000,1000000
2020-05-28 12:43:55.776000,1.07788,1.07785,1310000,1000000
2020-05-28 12:43:58.964000,1.07789,1.07786,2700000,1000000
2020-05-28 12:43:59.116000,1.07789,1.07786,3200000,1000000
2020-05-28 12:44:00.235000,1.07788,1.07785,1120000,1950000
2020-05-28 12:44:01.916000,1.07789,1.07785,3410000,3250000
2020-05-28 12:44:02.068000,1.07789,1.07785,3410000,2060000
2020-05-28 12:44:02.119000,1.07786,1.07784,1500000,1200000
2020-05-28 12:44:02.220000,1.07786,1.07783,2700000,1120000
2020-05-28 12:44:03.452000,1.07785,1.07782,1000000,3640000
2020-05-28 12:44:03.604000,1.07784,1.07781,2560000,1120000
2020-05-28 12:44:03.705000,1.07783,1.07781,1100000,1000000
2020-05-28 12:44:03.806000,1.07783,1.0778,2450000,1000000
2020-05-28 12:44:05.013000,1.07782,1.07779,1120000,2810000
2020-05-28 12:44:06.372000,1.07781,1.07778,3640000,2320000
2020-05-28 12:44:06.473000,1.0778,1.07778,1200000,1000000
2020-05-28 12:44:07.233000,1.07781,1.07778,1950000,1870000
2020-05-28 12:44:07.747000,1.07781,1.07779,1000000,1000000
2020-05-28 12:44:07.848000,1.07782,1.0778,1120000,1000000
2020-05-28 12:44:11.298000,1.07784,1.07781,3870000,2700000
2020-05-28 12:44:11.400000,1.07784,1.07781,1950000,1500000
2020-05-28 12:44:11.501000,1.07784,1.07781,1000000,2450000
2020-05-28 12:44:11.603000,1.07785,1.07781,5290000,1950000
2020-05-28 12:44:12.609000,1.07784,1.07781,2070000,1000000
2020-05-28 12:44:15.597000,1.07784,1.07781,1200000,1500000
2020-05-28 12:44:15.849000,1.07784,1.0778,1200000,5210000
2020-05-28 12:44:15.950000,1.07784,1.0778,1200000,5340000
2020-05-28 12:44:16.589000,1.07784,1.0778,1200000,5210000
2020-05-28 12:44:16.691000,1.07784,1.07781,1870000,1570000
2020-05-28 12:44:19.353000,1.07784,1.07782,1120000,1000000
2020-05-28 12:44:19.555000,1.07785,1.07782,3560000,1000000
2020-05-28 12:44:22.373000,1.07784,1.07782,1200000,1000000
2020-05-28 12:44:22.474000,1.07783,1.07781,1000000,1950000
2020-05-28 12:44:23.227000,1.07785,1.07781,3390000,2700000
2020-05-28 12:44:23.328000,1.07786,1.07784,1310000,1000000
2020-05-28 12:44:23.753000,1.07787,1.07784,1690000,2450000
2020-05-28 12:44:23.854000,1.07787,1.07786,1250000,1000000
2020-05-28 12:44:25.418000,1.07787,1.07785,1250000,1870000
2020-05-28 12:44:26.617000,1.07787,1.07786,1250000,1000000
2020-05-28 12:44:27.093000,1.07789,1.07786,2560000,2510000
2020-05-28 12:44:27.246000,1.07789,1.07786,1310000,2890000
2020-05-28 12:44:27.752000,1.07789,1.07786,1120000,4150000
2020-05-28 12:44:27.903000,1.0779,1.07788,2190000,1000000
2020-05-28 12:44:28.005000,1.0779,1.07788,1310000,1000000
2020-05-28 12:44:28.358000,1.07791,1.07788,2510000,1310000
2020-05-28 12:44:28.739000,1.07792,1.07789,4070000,1120000
2020-05-28 12:44:29.402000,1.0779,1.07788,1250000,1120000
2020-05-28 12:44:29.503000,1.0779,1.07787,1760000,1250000
2020-05-28 12:44:29.604000,1.07788,1.07786,1000000,1250000
2020-05-28 12:44:35.247000,1.07789,1.07786,1120000,1500000
2020-05-28 12:44:35.348000,1.0779,1.07787,1250000,2960000
2020-05-28 12:44:35.450000,1.07792,1.0779,2620000,1250000
2020-05-28 12:44:35.551000,1.07793,1.07791,3260000,1000000
2020-05-28 12:44:37.180000,1.07793,1.07791,1790000,1500000
2020-05-28 12:44:37.341000,1.07793,1.07791,1310000,1500000
2020-05-28 12:44:41.831000,1.07794,1.07792,1750000,1000000
2020-05-28 12:44:42.085000,1.07795,1.07793,1250000,1000000
2020-05-28 12:44:43.533000,1.07795,1.07794,1250000,1000000
2020-05-28 12:44:44.369000,1.07796,1.07794,1250000,4570000
2020-05-28 12:44:44.470000,1.07798,1.07796,2060000,1000000
2020-05-28 12:44:44.572000,1.07798,1.07796,2120000,1000000
2020-05-28 12:44:44.875000,1.07798,1.07797,1250000,1500000
2020-05-28 12:44:44.977000,1.07799,1.07797,1570000,1000000
2020-05-28 12:44:45.129000,1.07798,1.07796,1250000,1870000
2020-05-28 12:44:45.281000,1.07798,1.07795,3260000,2060000
2020-05-28 12:44:46.134000,1.07798,1.07795,3760000,1690000
2020-05-28 12:44:50.803000,1.07798,1.07795,1120000,3250000
2020-05-28 12:44:50.904000,1.07799,1.07797,1250000,1120000
2020-05-28 12:44:51.056000,1.078,1.07797,1310000,1690000
2020-05-28 12:44:51.258000,1.078,1.07798,1310000,1000000
2020-05-28 12:44:51.612000,1.07801,1.078,1250000,1000000
2020-05-28 12:44:51.713000,1.07801,1.07799,1250000,1500000
2020-05-28 12:44:51.815000,1.07803,1.078,3370000,1500000
2020-05-28 12:44:53.341000,1.07801,1.07799,1000000,2060000
2020-05-28 12:44:53.442000,1.07801,1.07798,1310000,2510000
2020-05-28 12:44:53.776000,1.078,1.07797,1690000,3010000
2020-05-28 12:44:53.877000,1.07799,1.07797,1000000,1250000
2020-05-28 12:44:55.826000,1.078,1.07797,2060000,1690000
2020-05-28 12:44:58.983000,1.078,1.07798,1250000,1000000
2020-05-28 12:44:59.290000,1.07801,1.07798,2510000,1690000
2020-05-28 12:44:59.391000,1.07802,1.07799,2640000,1250000
2020-05-28 12:44:59.644000,1.07802,1.078,1120000,1250000
2020-05-28 12:45:01.549000,1.07803,1.078,4010000,1250000
